nombre_supermercado,nombre_producto,marca_producto,precio_producto,calorias,proteinas,carbohidratos,grasas,imagen
d2,Espinaca,Brand D,6.78,5.1,27.9,23.7,2.4,images/default_image.jpg
d2,Manzana,Brand I,6.88,-0.5,4.5,36.6,11.9,images/default_image.jpg
d2,Avena,Brand G,6.49,-1.0,25.6,43.3,6.6,images/default_image.jpg
d2,Almendras,Brand C,3.37,4.1,26.1,40.1,6.1,images/default_image.jpg
d2,Almendras,Brand D,5.27,9.2,21.2,11.5,5.5,images/default_image.jpg
d2,Salmón,Brand I,3.47,7.2,21.2,42.1,2.9,images/default_image.jpg
d2,Brócoli,Brand C,2.9,-4.8,7.0,41.9,17.5,images/default_image.jpg
d2,Almendras,Brand C,6.34,8.3,9.6,36.1,19.7,images/default_image.jpg
d2,Manzana,Brand B,2.14,0.2,25.1,22.9,6.3,images/default_image.jpg
d2,Pechuga de Pollo,Brand A,1.85,-0.4,17.5,26.1,7.3,images/default_image.jpg
d2,Brócoli,Brand F,3.7,2.8,2.7,30.5,13.9,images/default_image.jpg
d2,Salmón,Brand G,5.32,-2.9,16.8,31.7,14.2,images/default_image.jpg
d2,Espinaca,Brand F,0.53,-6.1,7.9,4.3,15.6,images/default_image.jpg
d2,Espinaca,Brand B,6.0,8.7,7.2,27.7,7.0,images/default_image.jpg
d2,Arroz,Brand J,4.45,-5.0,21.5,3.5,13.1,images/default_image.jpg
d2,Salmón,Brand A,2.05,3.6,0.6,9.2,10.1,images/default_image.jpg
d2,Brócoli,Brand J,5.38,6.8,25.4,19.8,15.5,images/default_image.jpg
d2,Manzana,Brand G,1.41,1.7,19.0,44.6,10.8,images/default_image.jpg
d2,Espinaca,Brand D,5.03,5.7,2.9,37.8,6.8,images/default_image.jpg
d2,Pechuga de Pollo,Brand F,3.79,-3.3,27.5,26.3,1.5,images/default_image.jpg
d2,Manzana,Brand C,6.91,5.4,10.0,12.1,-0.0,images/default_image.jpg
d2,Salmón,Brand D,3.44,1.9,25.2,23.6,10.4,images/default_image.jpg
d2,Manzana,Brand B,1.27,8.4,4.0,51.9,12.3,images/default_image.jpg
d2,Espinaca,Brand G,4.26,-3.6,26.3,20.8,16.7,images/default_image.jpg
d2,Pechuga de Pollo,Brand C,1.48,-1.0,3.3,24.6,12.3,images/default_image.jpg
d2,Arroz,Brand I,5.25,-5.4,24.8,23.1,9.4,images/default_image.jpg
d2,Plátano,Brand J,2.11,-1.2,2.3,43.8,7.2,images/default_image.jpg
d2,Salmón,Brand C,3.54,1.4,26.3,50.4,8.1,images/default_image.jpg
d2,Avena,Brand I,4.67,7.6,7.6,43.6,9.0,images/default_image.jpg
d2,Espinaca,Brand F,4.18,-2.3,29.7,8.0,12.6,images/default_image.jpg
d2,Arroz,Brand E,1.13,-5.3,7.7,3.3,0.3,images/default_image.jpg
d2,Manzana,Brand C,2.9,8.5,21.1,14.3,12.1,images/default_image.jpg
d2,Brócoli,Brand B,5.18,-2.2,21.4,17.1,4.5,images/default_image.jpg
d2,Manzana,Brand E,0.79,1.4,11.6,52.0,15.0,images/default_image.jpg
d2,Espinaca,Brand J,1.51,-5.0,14.6,25.9,17.2,images/default_image.jpg
d2,Salmón,Brand D,3.1,-2.1,10.6,5.0,0.3,images/default_image.jpg
d2,Almendras,Brand A,3.13,7.6,6.2,20.4,9.5,images/default_image.jpg
d2,Huevos,Brand I,6.51,-1.1,13.2,35.3,10.2,images/default_image.jpg
d2,Arroz,Brand D,4.84,-1.1,29.6,45.0,7.3,images/default_image.jpg
d2,Almendras,Brand J,0.56,6.3,2.6,46.9,5.5,images/default_image.jpg
d2,Almendras,Brand C,5.37,4.7,27.1,5.8,12.8,images/default_image.jpg
d2,Huevos,Brand G,4.65,4.1,20.3,28.5,8.2,images/default_image.jpg
d2,Huevos,Brand I,5.23,-3.9,16.0,28.7,13.5,images/default_image.jpg
d2,Arroz,Brand D,2.32,-2.2,19.9,13.5,12.0,images/default_image.jpg
d2,Salmón,Brand B,0.66,5.0,6.9,50.8,6.7,images/default_image.jpg
d2,Almendras,Brand D,4.02,1.5,15.4,47.9,4.3,images/default_image.jpg
d2,Plátano,Brand G,4.35,6.2,4.2,26.8,15.0,images/default_image.jpg
d2,Yogur Griego,Brand D,3.84,6.0,8.9,7.6,10.0,images/default_image.jpg
d2,Espinaca,Brand B,5.94,-6.6,19.5,37.6,6.3,images/default_image.jpg
d2,Arroz,Brand I,2.3,6.8,28.1,41.6,16.0,images/default_image.jpg
d2,Arroz,Brand B,1.69,-4.8,10.0,25.6,3.3,images/default_image.jpg
d2,Almendras,Brand C,1.35,4.9,17.0,7.6,7.0,images/default_image.jpg
d2,Salmón,Brand J,4.65,8.3,27.7,39.7,12.7,images/default_image.jpg
d2,Arroz,Brand A,3.92,-0.7,18.2,36.4,15.9,images/default_image.jpg
d2,Arroz,Brand B,4.56,8.2,22.4,11.8,3.1,images/default_image.jpg
d2,Arroz,Brand E,4.09,-3.2,2.6,31.8,11.8,images/default_image.jpg
d2,Yogur Griego,Brand A,6.76,-6.1,22.7,43.3,12.4,images/default_image.jpg
d2,Yogur Griego,Brand J,3.68,-3.5,17.9,45.4,3.0,images/default_image.jpg
d2,Avena,Brand F,2.56,1.5,29.5,40.2,4.1,images/default_image.jpg
d2,Plátano,Brand B,2.27,2.3,12.7,36.2,4.2,images/default_image.jpg
d2,Yogur Griego,Brand H,3.86,-3.4,14.8,14.4,6.7,images/default_image.jpg
d2,Huevos,Brand D,5.09,-2.0,14.9,18.5,12.9,images/default_image.jpg
d2,Manzana,Brand I,0.68,7.0,29.4,12.1,18.4,images/default_image.jpg
d2,Manzana,Brand I,4.87,5.2,27.6,32.8,13.0,images/default_image.jpg
d2,Pechuga de Pollo,Brand G,6.08,0.8,25.1,33.6,18.7,images/default_image.jpg
d2,Plátano,Brand C,3.05,-4.4,5.7,14.8,10.5,images/default_image.jpg
d2,Huevos,Brand B,0.51,-3.3,28.2,31.4,4.9,images/default_image.jpg
d2,Avena,Brand F,6.23,1.8,16.0,50.3,2.3,images/default_image.jpg
d2,Yogur Griego,Brand E,1.03,-5.2,11.9,18.4,12.3,images/default_image.jpg
d2,Manzana,Brand C,2.4,-6.9,28.7,16.4,12.1,images/default_image.jpg
d2,Espinaca,Brand F,3.24,5.1,29.7,8.3,5.8,images/default_image.jpg
d2,Manzana,Brand F,6.55,-0.1,27.4,22.2,12.2,images/default_image.jpg
d2,Espinaca,Brand J,1.8,5.8,12.3,45.5,16.1,images/default_image.jpg
d2,Avena,Brand E,5.0,3.6,7.6,28.2,2.3,images/default_image.jpg
d2,Pechuga de Pollo,Brand I,4.7,11.0,1.9,26.3,8.8,images/default_image.jpg
d2,Salmón,Brand J,2.04,11.7,19.1,31.4,0.8,images/default_image.jpg
d2,Brócoli,Brand H,4.56,-0.4,18.1,21.4,4.4,images/default_image.jpg
d2,Salmón,Brand B,5.58,12.1,14.4,21.8,3.3,images/default_image.jpg
d2,Salmón,Brand I,1.01,9.8,13.7,9.0,17.0,images/default_image.jpg
d2,Salmón,Brand B,4.21,11.6,27.2,32.8,7.1,images/default_image.jpg
d2,Brócoli,Brand C,4.63,4.8,6.1,18.4,11.2,images/default_image.jpg
d2,Almendras,Brand J,1.68,-0.6,27.7,27.6,17.9,images/default_image.jpg
d2,Espinaca,Brand F,2.03,3.9,2.4,26.6,18.4,images/default_image.jpg
d2,Yogur Griego,Brand J,0.77,2.4,13.7,34.2,18.6,images/default_image.jpg
d2,Plátano,Brand G,6.65,4.0,7.9,43.1,16.9,images/default_image.jpg
d2,Almendras,Brand F,2.39,1.6,14.7,34.5,2.0,images/default_image.jpg
d2,Manzana,Brand H,0.68,2.4,16.5,30.2,0.3,images/default_image.jpg
d2,Espinaca,Brand C,5.17,2.6,11.8,23.2,17.2,images/default_image.jpg
d2,Brócoli,Brand J,3.4,-3.6,17.1,44.7,17.9,images/default_image.jpg
d2,Manzana,Brand J,4.19,-0.4,25.9,41.9,3.9,images/default_image.jpg
d2,Espinaca,Brand F,2.19,6.8,7.7,45.2,13.8,images/default_image.jpg
d2,Avena,Brand B,3.95,-3.2,16.5,30.8,3.7,images/default_image.jpg
d2,Arroz,Brand I,5.49,4.7,17.7,33.7,17.9,images/default_image.jpg
d2,Arroz,Brand C,3.95,-0.5,30.1,50.9,15.3,images/default_image.jpg
d2,Manzana,Brand A,6.9,-6.5,20.5,43.5,15.7,images/default_image.jpg
d2,Plátano,Brand J,3.93,7.1,3.1,35.0,0.9,images/default_image.jpg
d2,Avena,Brand C,6.6,-2.4,10.8,47.7,15.3,images/default_image.jpg
d2,Salmón,Brand H,0.96,12.3,24.4,33.4,3.7,images/default_image.jpg
d2,Arroz,Brand A,5.76,-4.2,7.2,10.1,18.2,images/default_image.jpg
d2,Manzana,Brand B,6.61,-0.7,7.1,21.5,17.7,images/default_image.jpg
d2,Almendras,Brand E,3.69,10.6,16.5,43.0,18.5,images/default_image.jpg
d2,Avena,Brand D,4.08,5.3,17.7,8.5,14.8,images/default_image.jpg
d2,Brócoli,Brand H,5.39,2.1,26.6,42.8,4.2,images/default_image.jpg
d2,Avena,Brand G,5.18,-3.2,11.7,29.7,3.6,images/default_image.jpg
d2,Salmón,Brand C,4.79,12.7,10.9,27.5,8.4,images/default_image.jpg
d2,Manzana,Brand D,4.18,-5.5,27.9,7.5,7.9,images/default_image.jpg
d2,Espinaca,Brand I,5.24,-3.2,16.8,33.1,10.2,images/default_image.jpg
d2,Plátano,Brand H,0.46,0.2,6.3,41.3,15.2,images/default_image.jpg
d2,Plátano,Brand I,1.61,6.8,9.4,28.6,19.0,images/default_image.jpg
d2,Huevos,Brand H,4.85,8.6,8.9,45.4,0.9,images/default_image.jpg
d2,Espinaca,Brand A,3.13,-3.7,6.1,23.4,2.6,images/default_image.jpg
d2,Manzana,Brand G,1.18,6.0,11.7,5.6,14.8,images/default_image.jpg
d2,Avena,Brand I,2.64,-2.3,25.4,18.8,10.9,images/default_image.jpg
d2,Yogur Griego,Brand B,4.02,-3.5,22.2,50.3,20.5,images/default_image.jpg
d2,Salmón,Brand I,6.6,10.3,8.3,5.4,7.0,images/default_image.jpg
d2,Huevos,Brand I,5.19,4.6,5.1,14.1,15.1,images/default_image.jpg
d2,Pechuga de Pollo,Brand F,0.97,0.3,22.0,29.4,12.6,images/default_image.jpg
d2,Plátano,Brand A,2.0,-4.1,27.7,35.5,10.2,images/default_image.jpg
d2,Yogur Griego,Brand B,5.86,-0.8,18.0,32.2,18.7,images/default_image.jpg
d2,Yogur Griego,Brand A,4.33,6.7,2.5,30.7,18.1,images/default_image.jpg
d2,Espinaca,Brand D,6.7,0.8,3.6,18.7,16.6,images/default_image.jpg
d2,Manzana,Brand J,1.11,-5.0,20.3,27.9,10.4,images/default_image.jpg
d2,Almendras,Brand I,1.11,11.2,12.5,32.4,1.0,images/default_image.jpg
d2,Yogur Griego,Brand A,5.21,3.4,9.0,43.9,5.5,images/default_image.jpg
d2,Salmón,Brand F,2.62,10.9,13.3,1.6,6.1,images/default_image.jpg
d2,Almendras,Brand B,4.52,12.4,22.0,40.3,2.9,images/default_image.jpg
d2,Plátano,Brand H,6.55,-7.1,1.7,6.0,15.7,images/default_image.jpg
d2,Huevos,Brand D,2.83,5.3,25.8,45.8,12.1,images/default_image.jpg
d2,Almendras,Brand B,4.04,13.1,10.0,14.8,17.0,images/default_image.jpg
d2,Espinaca,Brand H,4.28,7.1,18.1,14.4,8.8,images/default_image.jpg
d2,Salmón,Brand B,1.8,3.5,17.4,4.7,10.9,images/default_image.jpg
d2,Yogur Griego,Brand B,7.11,0.6,4.1,30.2,3.8,images/default_image.jpg
d2,Plátano,Brand I,7.07,2.4,16.6,10.7,15.3,images/default_image.jpg
d2,Avena,Brand A,5.93,-3.2,22.6,31.2,1.7,images/default_image.jpg
d2,Huevos,Brand F,6.71,3.9,23.9,31.1,18.8,images/default_image.jpg
d2,Almendras,Brand I,6.46,1.6,11.5,23.5,15.0,images/default_image.jpg
d2,Huevos,Brand D,4.02,-1.7,27.8,12.5,3.7,images/default_image.jpg
d2,Arroz,Brand H,3.68,5.3,1.2,31.9,18.9,images/default_image.jpg
d2,Espinaca,Brand C,4.8,-3.1,18.4,31.9,1.2,images/default_image.jpg
d2,Arroz,Brand B,1.64,6.9,21.0,5.3,6.3,images/default_image.jpg
d2,Arroz,Brand E,2.42,-3.4,16.6,31.1,0.9,images/default_image.jpg
d2,Yogur Griego,Brand B,0.96,-2.5,25.4,20.6,15.6,images/default_image.jpg
d2,Huevos,Brand A,6.0,3.4,8.0,11.7,15.4,images/default_image.jpg
d2,Plátano,Brand C,4.93,-1.2,19.7,2.3,5.7,images/default_image.jpg
d2,Manzana,Brand I,3.4,-0.8,7.8,23.2,13.9,images/default_image.jpg
d2,Manzana,Brand I,3.66,5.0,8.5,12.9,20.0,images/default_image.jpg
d2,Manzana,Brand A,4.28,4.2,17.7,15.1,2.1,images/default_image.jpg
d2,Almendras,Brand C,4.4,1.2,28.7,22.8,18.5,images/default_image.jpg
d2,Espinaca,Brand D,2.36,-4.1,25.0,23.9,5.4,images/default_image.jpg
d2,Almendras,Brand A,2.28,4.7,27.7,26.8,1.8,images/default_image.jpg
d2,Plátano,Brand H,1.91,6.6,28.2,7.3,18.4,images/default_image.jpg
d2,Manzana,Brand G,1.83,3.6,30.2,38.6,1.8,images/default_image.jpg
d2,Arroz,Brand E,2.07,-5.1,19.3,12.6,16.0,images/default_image.jpg
d2,Plátano,Brand E,3.86,2.2,11.2,26.4,3.6,images/default_image.jpg
d2,Brócoli,Brand A,3.76,-0.5,24.8,45.6,9.7,images/default_image.jpg
d2,Pechuga de Pollo,Brand D,1.88,4.7,27.9,45.3,18.5,images/default_image.jpg
d2,Brócoli,Brand J,2.77,-0.3,5.7,40.0,19.1,images/default_image.jpg
d2,Huevos,Brand J,2.14,-2.2,11.8,22.7,3.8,images/default_image.jpg
d2,Espinaca,Brand G,2.6,4.2,21.1,6.6,15.7,images/default_image.jpg
d2,Manzana,Brand B,6.74,-1.8,18.1,42.1,5.6,images/default_image.jpg
d2,Espinaca,Brand G,2.7,-2.1,3.0,40.0,14.7,images/default_image.jpg
d2,Almendras,Brand G,6.4,5.7,11.2,19.5,4.8,images/default_image.jpg
d2,Salmón,Brand A,1.18,4.6,24.1,37.3,15.6,images/default_image.jpg
d2,Yogur Griego,Brand A,1.55,-3.5,25.8,42.1,16.9,images/default_image.jpg
d2,Yogur Griego,Brand H,0.88,-5.4,7.0,29.2,7.2,images/default_image.jpg
d2,Brócoli,Brand I,5.15,-3.1,3.9,18.1,8.6,images/default_image.jpg
d2,Brócoli,Brand J,7.08,-0.6,27.1,32.1,6.6,images/default_image.jpg
d2,Yogur Griego,Brand B,6.28,9.0,26.0,25.7,9.1,images/default_image.jpg
d2,Plátano,Brand C,2.78,4.5,7.9,23.0,10.1,images/default_image.jpg
d2,Arroz,Brand D,2.26,2.2,10.2,38.7,3.8,images/default_image.jpg
d2,Brócoli,Brand J,5.58,0.0,2.4,13.4,15.8,images/default_image.jpg
d2,Brócoli,Brand J,6.73,-1.9,30.3,29.1,10.9,images/default_image.jpg
d2,Espinaca,Brand E,2.37,0.9,12.9,10.8,19.6,images/default_image.jpg
d2,Avena,Brand H,2.36,-4.0,8.1,18.4,5.3,images/default_image.jpg
d2,Yogur Griego,Brand C,3.28,-1.6,21.4,49.2,18.3,images/default_image.jpg
d2,Almendras,Brand F,5.56,9.6,25.0,48.5,2.1,images/default_image.jpg
d2,Salmón,Brand D,1.52,8.7,8.0,43.8,5.1,images/default_image.jpg
d2,Almendras,Brand E,3.91,8.1,3.9,22.6,14.4,images/default_image.jpg
d2,Manzana,Brand B,2.75,-3.9,20.2,9.5,9.1,images/default_image.jpg
d2,Arroz,Brand C,2.07,-2.4,24.4,5.3,9.7,images/default_image.jpg
d2,Brócoli,Brand I,6.03,0.0,25.9,24.9,17.0,images/default_image.jpg
d2,Huevos,Brand G,4.9,-3.9,7.3,35.6,7.1,images/default_image.jpg
d2,Salmón,Brand H,2.47,0.3,12.4,47.4,19.7,images/default_image.jpg
d2,Pechuga de Pollo,Brand J,3.42,1.9,10.9,47.4,17.0,images/default_image.jpg
d2,Huevos,Brand I,5.99,5.4,2.6,7.1,15.7,images/default_image.jpg
d2,Almendras,Brand H,3.14,14.1,4.1,41.1,6.3,images/default_image.jpg
d2,Almendras,Brand H,3.95,2.8,1.3,14.2,5.2,images/default_image.jpg
d2,Avena,Brand J,3.41,2.0,12.9,27.2,6.4,images/default_image.jpg
d2,Arroz,Brand C,5.07,2.6,20.9,19.7,13.3,images/default_image.jpg
d2,Salmón,Brand E,3.81,9.0,16.9,9.4,1.7,images/default_image.jpg
d2,Manzana,Brand G,0.91,-1.8,1.5,32.0,2.6,images/default_image.jpg
d2,Pechuga de Pollo,Brand C,5.94,10.4,9.9,17.0,15.3,images/default_image.jpg
d2,Manzana,Brand A,4.07,1.6,29.5,31.2,14.0,images/default_image.jpg
d2,Almendras,Brand E,5.63,8.4,12.6,23.9,9.2,images/default_image.jpg
d2,Brócoli,Brand F,4.69,4.3,21.7,6.6,7.4,images/default_image.jpg
d2,Espinaca,Brand F,0.91,5.5,20.2,15.2,15.0,images/default_image.jpg
d2,Huevos,Brand D,1.44,0.8,4.4,28.0,7.3,images/default_image.jpg
d2,Pechuga de Pollo,Brand B,4.52,2.8,9.2,39.6,16.7,images/default_image.jpg
d2,Avena,Brand C,0.5,10.4,26.9,48.3,5.9,images/default_image.jpg
d2,Espinaca,Brand J,1.72,5.4,16.2,13.8,2.5,images/default_image.jpg
d2,Plátano,Brand A,3.79,-5.9,27.8,17.5,1.8,images/default_image.jpg
d2,Brócoli,Brand A,4.98,-2.2,5.4,10.0,8.9,images/default_image.jpg
d2,Avena,Brand B,5.37,8.9,4.8,19.1,6.6,images/default_image.jpg
d2,Pechuga de Pollo,Brand F,3.16,7.9,25.3,33.5,10.4,images/default_image.jpg
d2,Pechuga de Pollo,Brand E,3.84,-3.8,15.2,8.3,17.1,images/default_image.jpg
d2,Plátano,Brand C,5.99,-6.5,3.5,32.3,1.8,images/default_image.jpg
d2,Espinaca,Brand H,2.33,5.5,14.9,2.9,10.4,images/default_image.jpg
d2,Pechuga de Pollo,Brand C,0.75,9.6,1.5,41.5,4.5,images/default_image.jpg
d2,Avena,Brand D,1.62,6.0,11.9,18.1,4.2,images/default_image.jpg
d2,Manzana,Brand C,5.96,-6.4,5.7,15.4,15.6,images/default_image.jpg
d2,Huevos,Brand B,3.98,7.2,11.8,35.4,17.8,images/default_image.jpg
d2,Plátano,Brand J,7.15,2.8,13.3,44.3,11.0,images/default_image.jpg
d2,Avena,Brand E,0.65,-4.4,26.3,25.0,16.2,images/default_image.jpg
d2,Yogur Griego,Brand F,3.05,-4.1,8.7,24.3,2.7,images/default_image.jpg
d2,Espinaca,Brand G,5.32,4.9,26.1,19.8,2.6,images/default_image.jpg
d2,Plátano,Brand I,2.6,7.4,23.2,46.6,15.3,images/default_image.jpg
d2,Espinaca,Brand I,4.16,-2.8,14.2,36.9,5.9,images/default_image.jpg
d2,Plátano,Brand F,4.92,3.3,3.1,17.9,3.2,images/default_image.jpg
d2,Brócoli,Brand E,1.23,0.9,13.1,15.7,1.6,images/default_image.jpg
d2,Arroz,Brand F,6.09,3.9,17.8,29.3,1.0,images/default_image.jpg
d2,Pechuga de Pollo,Brand C,6.03,4.6,11.2,18.4,12.5,images/default_image.jpg
d2,Arroz,Brand F,4.8,5.4,13.1,40.1,15.4,images/default_image.jpg
d2,Salmón,Brand G,2.99,7.0,20.9,12.4,1.2,images/default_image.jpg
d2,Almendras,Brand A,5.01,7.5,1.4,45.9,6.8,images/default_image.jpg
d2,Manzana,Brand A,3.81,-3.8,14.4,7.8,11.0,images/default_image.jpg
d2,Brócoli,Brand B,4.43,-3.9,7.8,49.7,1.2,images/default_image.jpg
d2,Manzana,Brand H,3.01,3.8,15.7,28.0,9.2,images/default_image.jpg
d2,Espinaca,Brand H,2.63,-4.8,8.0,13.5,10.2,images/default_image.jpg
d2,Arroz,Brand E,4.24,0.9,21.1,9.0,18.7,images/default_image.jpg
d2,Arroz,Brand A,3.73,5.9,29.3,42.5,2.7,images/default_image.jpg
d2,Almendras,Brand F,1.38,-0.8,17.9,35.0,0.7,images/default_image.jpg
d2,Arroz,Brand I,5.58,-1.3,13.6,25.5,20.0,images/default_image.jpg
d2,Pechuga de Pollo,Brand A,6.76,-0.7,4.6,6.4,11.1,images/default_image.jpg
d2,Espinaca,Brand A,1.9,1.5,29.4,19.9,2.0,images/default_image.jpg
d2,Salmón,Brand I,1.66,4.6,2.3,36.5,9.3,images/default_image.jpg
d2,Pechuga de Pollo,Brand G,2.88,-3.1,20.9,24.6,3.1,images/default_image.jpg
d2,Espinaca,Brand E,0.89,-3.7,29.1,30.7,15.6,images/default_image.jpg
d2,Avena,Brand D,6.81,6.3,12.9,12.1,2.2,images/default_image.jpg
d2,Almendras,Brand G,2.68,10.9,26.7,51.3,3.3,images/default_image.jpg
d2,Brócoli,Brand J,1.85,-5.0,22.3,41.1,1.5,images/default_image.jpg
d2,Avena,Brand A,6.12,-1.4,7.7,18.0,16.7,images/default_image.jpg
d2,Almendras,Brand F,4.59,3.4,22.8,11.3,11.4,images/default_image.jpg
d2,Arroz,Brand H,5.36,2.0,2.2,45.8,7.4,images/default_image.jpg
d2,Brócoli,Brand J,5.43,3.8,24.9,18.8,11.3,images/default_image.jpg
d2,Manzana,Brand F,4.83,3.3,20.0,28.4,18.3,images/default_image.jpg
d2,Brócoli,Brand G,6.31,0.8,14.0,40.0,6.1,images/default_image.jpg
d2,Arroz,Brand I,4.41,0.2,19.4,52.3,-0.3,images/default_image.jpg
d2,Huevos,Brand G,1.72,7.4,20.9,14.1,19.3,images/default_image.jpg
d2,Brócoli,Brand D,4.53,1.4,14.2,32.1,8.7,images/default_image.jpg
d2,Brócoli,Brand C,0.66,-2.0,3.2,33.7,19.2,images/default_image.jpg
d2,Espinaca,Brand C,1.02,4.5,15.8,32.7,14.6,images/default_image.jpg
d2,Pechuga de Pollo,Brand F,2.64,-2.5,23.0,31.7,11.8,images/default_image.jpg
d2,Arroz,Brand H,1.1,2.8,18.6,19.1,10.8,images/default_image.jpg
d2,Avena,Brand E,3.41,-0.9,28.6,20.9,20.0,images/default_image.jpg
d2,Brócoli,Brand J,1.53,3.4,21.8,27.7,5.9,images/default_image.jpg
d2,Salmón,Brand G,4.95,3.6,20.7,26.8,17.9,images/default_image.jpg
d2,Manzana,Brand E,5.11,7.4,12.3,41.1,19.6,images/default_image.jpg
d2,Espinaca,Brand C,1.13,-1.6,28.0,12.0,3.2,images/default_image.jpg
d2,Brócoli,Brand C,5.81,-2.7,3.3,3.5,5.4,images/default_image.jpg
d2,Salmón,Brand H,6.76,-0.5,9.1,12.1,15.2,images/default_image.jpg
d2,Pechuga de Pollo,Brand A,4.49,3.8,1.9,3.8,17.9,images/default_image.jpg
d2,Plátano,Brand F,3.31,-7.2,3.7,26.7,9.5,images/default_image.jpg
d2,Almendras,Brand E,1.55,8.8,28.6,10.7,14.7,images/default_image.jpg
d2,Almendras,Brand G,6.25,12.0,21.7,28.9,10.6,images/default_image.jpg
d2,Pechuga de Pollo,Brand F,3.31,7.6,0.9,5.1,18.8,images/default_image.jpg
d2,Arroz,Brand J,1.99,4.5,3.9,8.2,15.0,images/default_image.jpg
d2,Salmón,Brand E,1.02,10.2,12.4,50.4,3.0,images/default_image.jpg
d2,Almendras,Brand A,5.68,6.2,26.4,17.4,5.0,images/default_image.jpg
d2,Plátano,Brand H,3.62,-7.1,18.8,47.5,10.8,images/default_image.jpg
d2,Salmón,Brand B,2.74,-1.8,26.6,50.2,1.1,images/default_image.jpg
d2,Brócoli,Brand H,6.08,9.4,29.4,7.3,6.7,images/default_image.jpg
d2,Espinaca,Brand F,6.55,0.2,21.4,38.1,13.7,images/default_image.jpg
d2,Plátano,Brand G,5.64,5.7,11.5,26.5,18.0,images/default_image.jpg
d2,Huevos,Brand G,3.48,-6.7,24.3,51.9,10.3,images/default_image.jpg
d2,Manzana,Brand E,6.53,1.4,27.9,47.3,3.5,images/default_image.jpg
d2,Salmón,Brand B,2.39,5.7,27.9,45.0,16.6,images/default_image.jpg
d2,Brócoli,Brand F,1.84,4.4,11.3,25.9,14.9,images/default_image.jpg
d2,Salmón,Brand J,5.31,3.8,25.2,5.3,14.5,images/default_image.jpg
d2,Avena,Brand I,2.18,-3.7,14.1,11.2,11.7,images/default_image.jpg
d2,Plátano,Brand C,1.33,4.8,20.7,14.9,14.2,images/default_image.jpg
d2,Brócoli,Brand C,1.82,7.3,18.8,40.8,11.6,images/default_image.jpg
d2,Avena,Brand D,5.09,1.0,8.8,34.6,8.4,images/default_image.jpg
d2,Almendras,Brand G,2.75,2.4,21.4,26.3,15.8,images/default_image.jpg
d2,Almendras,Brand G,1.38,4.2,25.3,27.4,2.2,images/default_image.jpg
d2,Avena,Brand C,2.38,-5.3,12.1,43.5,19.3,images/default_image.jpg
d2,Salmón,Brand C,7.16,3.1,8.8,45.4,4.8,images/default_image.jpg
d2,Almendras,Brand A,4.35,13.7,20.6,14.7,10.8,images/default_image.jpg
d2,Yogur Griego,Brand J,2.35,2.3,28.9,41.6,17.1,images/default_image.jpg
d2,Manzana,Brand C,1.98,-5.1,11.2,50.2,11.4,images/default_image.jpg
d2,Arroz,Brand E,1.98,-2.0,7.8,51.1,7.6,images/default_image.jpg
d2,Manzana,Brand J,5.03,6.9,19.3,26.8,18.0,images/default_image.jpg
d2,Huevos,Brand H,0.81,-3.4,3.7,42.4,9.3,images/default_image.jpg
d2,Avena,Brand G,1.26,9.1,16.4,42.4,10.3,images/default_image.jpg
d2,Yogur Griego,Brand J,1.39,7.6,27.1,44.0,10.8,images/default_image.jpg
d2,Manzana,Brand C,2.85,-0.2,24.4,44.5,19.6,images/default_image.jpg
d2,Manzana,Brand J,5.19,2.4,4.6,9.4,15.6,images/default_image.jpg
d2,Espinaca,Brand H,3.81,-0.3,22.2,12.9,19.2,images/default_image.jpg
d2,Manzana,Brand A,5.8,2.5,26.0,25.3,12.6,images/default_image.jpg
d2,Pechuga de Pollo,Brand B,5.37,-2.9,13.6,41.4,4.8,images/default_image.jpg
d2,Manzana,Brand J,5.05,4.1,18.2,45.4,4.0,images/default_image.jpg
d2,Salmón,Brand F,3.14,7.0,17.0,27.6,2.5,images/default_image.jpg
d2,Salmón,Brand D,0.95,1.5,11.5,39.9,16.9,images/default_image.jpg
d2,Avena,Brand B,4.96,5.0,27.9,15.5,17.4,images/default_image.jpg
d2,Plátano,Brand H,3.47,1.7,21.3,41.9,5.0,images/default_image.jpg
d2,Pechuga de Pollo,Brand A,6.04,-1.8,24.7,10.7,2.2,images/default_image.jpg
d2,Almendras,Brand J,5.87,0.6,24.2,18.2,10.0,images/default_image.jpg
d2,Brócoli,Brand B,6.37,-5.8,25.9,45.1,8.0,images/default_image.jpg
d2,Brócoli,Brand A,5.48,3.6,10.0,13.1,3.3,images/default_image.jpg
d2,Avena,Brand J,3.63,2.1,5.6,24.8,7.0,images/default_image.jpg
d2,Espinaca,Brand E,6.3,-6.2,11.0,15.1,3.4,images/default_image.jpg
d2,Arroz,Brand F,6.04,3.0,24.1,38.9,13.0,images/default_image.jpg
d2,Arroz,Brand H,3.53,5.1,27.5,33.0,4.3,images/default_image.jpg
d2,Espinaca,Brand B,4.66,4.6,27.2,34.1,10.7,images/default_image.jpg
d2,Almendras,Brand H,1.43,9.6,15.0,50.0,11.8,images/default_image.jpg
d2,Brócoli,Brand A,6.74,7.0,21.6,20.8,13.9,images/default_image.jpg
d2,Arroz,Brand C,0.56,-5.7,25.7,42.9,10.2,images/default_image.jpg
d2,Plátano,Brand H,5.66,7.9,8.8,23.8,4.7,images/default_image.jpg
d2,Avena,Brand H,2.75,2.2,6.7,37.7,2.9,images/default_image.jpg
d2,Brócoli,Brand G,1.67,-6.5,22.4,24.0,2.8,images/default_image.jpg
d2,Brócoli,Brand A,2.09,-5.5,27.9,19.8,13.8,images/default_image.jpg
d2,Huevos,Brand B,3.66,2.5,4.9,32.5,7.1,images/default_image.jpg
d2,Pechuga de Pollo,Brand I,5.56,0.2,22.9,25.1,0.9,images/default_image.jpg
d2,Plátano,Brand A,6.97,-6.8,23.9,12.1,6.3,images/default_image.jpg
d2,Salmón,Brand J,5.53,12.7,9.2,52.3,10.4,images/default_image.jpg
d2,Avena,Brand G,4.92,2.6,2.4,47.5,17.9,images/default_image.jpg
d2,Almendras,Brand A,0.61,5.7,22.1,51.8,17.3,images/default_image.jpg
d2,Almendras,Brand C,4.78,6.8,12.9,36.3,17.1,images/default_image.jpg
d2,Espinaca,Brand D,5.6,3.5,25.2,40.4,10.7,images/default_image.jpg
d2,Plátano,Brand E,6.76,2.9,1.8,44.3,14.8,images/default_image.jpg
d2,Brócoli,Brand F,7.11,3.1,24.6,21.0,2.5,images/default_image.jpg
d2,Manzana,Brand H,4.9,-1.1,28.4,47.8,3.6,images/default_image.jpg
d2,Arroz,Brand I,6.4,6.9,9.4,50.7,4.8,images/default_image.jpg
d2,Manzana,Brand J,2.51,3.1,25.8,40.7,16.3,images/default_image.jpg
d2,Espinaca,Brand H,5.99,3.6,29.5,11.1,3.8,images/default_image.jpg
d2,Almendras,Brand D,7.06,9.3,17.0,29.9,0.0,images/default_image.jpg
d2,Yogur Griego,Brand B,3.34,-0.4,20.3,6.0,15.6,images/default_image.jpg
d2,Huevos,Brand C,2.63,9.0,16.7,13.1,2.8,images/default_image.jpg
d2,Manzana,Brand H,0.75,-1.3,23.8,8.1,7.2,images/default_image.jpg
d2,Manzana,Brand I,3.88,-3.8,7.5,32.4,16.4,images/default_image.jpg
d2,Arroz,Brand J,5.32,4.2,19.2,5.7,18.3,images/default_image.jpg
d2,Plátano,Brand F,0.69,-4.6,24.6,13.1,8.3,images/default_image.jpg
d2,Espinaca,Brand D,4.52,0.7,9.3,31.9,14.6,images/default_image.jpg
d2,Manzana,Brand E,6.61,4.6,12.0,29.2,8.5,images/default_image.jpg
d2,Brócoli,Brand H,6.41,-2.2,4.6,40.4,1.3,images/default_image.jpg
d2,Huevos,Brand A,2.39,-1.9,6.2,23.4,8.3,images/default_image.jpg
d2,Plátano,Brand H,6.72,2.7,6.4,45.5,19.0,images/default_image.jpg
d2,Espinaca,Brand G,4.06,-0.5,7.4,19.3,15.2,images/default_image.jpg
d2,Almendras,Brand C,2.0,6.7,19.9,7.8,5.5,images/default_image.jpg
d2,Almendras,Brand I,1.79,9.5,8.6,36.3,8.6,images/default_image.jpg
d2,Avena,Brand E,3.03,-4.4,14.6,18.1,20.2,images/default_image.jpg
d2,Avena,Brand I,3.0,-1.1,23.0,30.4,16.4,images/default_image.jpg
d2,Avena,Brand E,4.56,8.3,11.1,7.4,2.5,images/default_image.jpg
d2,Espinaca,Brand G,2.97,1.0,0.2,30.0,17.7,images/default_image.jpg
d2,Brócoli,Brand B,5.01,5.0,24.3,21.4,1.9,images/default_image.jpg
d2,Brócoli,Brand H,3.7,1.7,15.1,48.9,13.4,images/default_image.jpg
d2,Plátano,Brand B,6.46,7.6,28.0,31.5,0.3,images/default_image.jpg
d2,Manzana,Brand E,5.41,-6.5,17.5,38.8,8.8,images/default_image.jpg
d2,Manzana,Brand J,2.99,-1.7,21.2,37.3,3.0,images/default_image.jpg
d2,Salmón,Brand J,1.06,1.3,12.3,36.2,3.4,images/default_image.jpg
d2,Salmón,Brand C,1.55,2.3,24.7,9.5,1.5,images/default_image.jpg
d2,Salmón,Brand G,3.9,8.9,25.0,29.6,8.1,images/default_image.jpg
d2,Plátano,Brand B,6.35,4.3,16.9,4.8,14.9,images/default_image.jpg
d2,Espinaca,Brand A,2.26,1.5,5.8,30.8,13.2,images/default_image.jpg
d2,Brócoli,Brand H,5.01,4.0,11.2,20.0,6.0,images/default_image.jpg
d2,Brócoli,Brand D,2.19,0.2,15.9,34.0,-0.8,images/default_image.jpg
d2,Almendras,Brand J,7.02,1.4,1.5,12.2,7.9,images/default_image.jpg
d2,Yogur Griego,Brand E,1.15,2.2,2.7,47.4,16.5,images/default_image.jpg
d2,Salmón,Brand I,2.03,12.9,2.7,6.0,6.5,images/default_image.jpg
d2,Brócoli,Brand G,6.96,-4.8,9.0,25.7,18.1,images/default_image.jpg
d2,Almendras,Brand F,6.48,0.8,21.9,15.9,6.0,images/default_image.jpg
d2,Manzana,Brand J,6.2,8.3,26.6,42.7,11.1,images/default_image.jpg
d2,Brócoli,Brand G,5.15,7.0,1.3,14.1,7.9,images/default_image.jpg
d2,Plátano,Brand H,3.06,4.3,2.6,9.2,6.6,images/default_image.jpg
d2,Huevos,Brand I,3.9,1.5,22.3,9.2,7.5,images/default_image.jpg
d2,Huevos,Brand F,4.1,2.4,26.5,14.8,4.0,images/default_image.jpg
d2,Yogur Griego,Brand I,3.69,1.2,29.9,42.4,0.4,images/default_image.jpg
d2,Plátano,Brand I,2.85,6.6,2.7,27.6,8.4,images/default_image.jpg
d2,Pechuga de Pollo,Brand B,5.85,-4.6,27.7,28.2,16.5,images/default_image.jpg
d2,Salmón,Brand C,1.02,7.3,1.5,24.1,14.4,images/default_image.jpg
d2,Manzana,Brand H,1.16,5.7,15.4,22.9,3.6,images/default_image.jpg
d2,Espinaca,Brand C,4.28,0.7,23.9,46.2,7.6,images/default_image.jpg
d2,Plátano,Brand H,5.3,-4.6,14.2,7.9,19.2,images/default_image.jpg
d2,Salmón,Brand G,4.45,8.7,25.1,14.8,14.6,images/default_image.jpg
d2,Brócoli,Brand C,2.38,-4.9,9.3,31.9,9.2,images/default_image.jpg
d2,Brócoli,Brand I,1.25,-1.0,10.8,6.6,11.7,images/default_image.jpg
d2,Arroz,Brand D,6.22,6.0,24.3,40.2,0.6,images/default_image.jpg
d2,Avena,Brand J,3.21,10.0,24.9,40.0,8.9,images/default_image.jpg
d2,Avena,Brand I,4.44,3.2,13.1,45.6,4.1,images/default_image.jpg
d2,Salmón,Brand A,1.63,4.1,11.5,32.5,13.1,images/default_image.jpg
d2,Yogur Griego,Brand H,6.91,-2.1,13.5,37.9,2.3,images/default_image.jpg
d2,Pechuga de Pollo,Brand C,1.3,6.0,28.2,11.6,10.2,images/default_image.jpg
d2,Pechuga de Pollo,Brand H,2.31,-1.0,25.4,23.6,11.5,images/default_image.jpg
d2,Salmón,Brand C,2.45,8.3,29.4,45.3,13.5,images/default_image.jpg
d2,Almendras,Brand G,7.01,6.9,3.9,13.6,11.2,images/default_image.jpg
d2,Avena,Brand D,2.06,10.2,26.2,43.4,4.9,images/default_image.jpg
d2,Salmón,Brand A,0.76,7.4,19.5,45.0,-0.0,images/default_image.jpg
d2,Yogur Griego,Brand D,5.87,-5.4,3.5,18.5,3.8,images/default_image.jpg
d2,Manzana,Brand D,2.44,-5.7,22.2,46.2,19.9,images/default_image.jpg
d2,Arroz,Brand D,2.0,-2.6,7.5,38.4,17.4,images/default_image.jpg
d2,Salmón,Brand G,4.24,7.6,15.3,7.1,5.6,images/default_image.jpg
d2,Espinaca,Brand B,2.14,6.4,8.9,40.3,14.0,images/default_image.jpg
d2,Plátano,Brand E,2.51,3.0,11.8,24.2,10.8,images/default_image.jpg
d2,Plátano,Brand G,3.44,2.9,17.0,7.1,9.7,images/default_image.jpg
d2,Arroz,Brand F,1.87,4.4,4.9,42.4,8.2,images/default_image.jpg
d2,Salmón,Brand I,5.45,11.8,16.7,17.6,9.0,images/default_image.jpg
d2,Brócoli,Brand J,1.06,-6.2,12.6,19.9,12.5,images/default_image.jpg
d2,Manzana,Brand D,6.6,5.1,19.2,31.9,16.9,images/default_image.jpg
d2,Brócoli,Brand D,6.92,2.9,3.1,17.1,12.2,images/default_image.jpg
d2,Salmón,Brand F,5.56,4.5,14.3,24.2,12.5,images/default_image.jpg
d2,Almendras,Brand F,5.16,10.0,17.6,32.6,2.7,images/default_image.jpg
d2,Espinaca,Brand B,0.78,7.1,22.6,32.3,2.7,images/default_image.jpg
d2,Huevos,Brand A,2.41,-1.8,24.5,46.2,9.0,images/default_image.jpg
d2,Espinaca,Brand F,1.17,-6.4,13.0,15.2,10.7,images/default_image.jpg
d2,Manzana,Brand D,5.12,5.5,28.5,36.6,11.5,images/default_image.jpg
d2,Almendras,Brand F,2.7,6.8,2.4,30.6,6.1,images/default_image.jpg
d2,Espinaca,Brand F,1.0,4.2,23.5,8.0,19.0,images/default_image.jpg
d2,Brócoli,Brand B,4.57,4.1,15.7,8.2,13.6,images/default_image.jpg
d2,Espinaca,Brand I,3.86,-0.8,21.7,25.4,11.7,images/default_image.jpg
d2,Brócoli,Brand D,4.79,1.7,30.4,21.0,0.6,images/default_image.jpg
d2,Avena,Brand E,1.74,1.4,6.5,42.6,6.3,images/default_image.jpg
d2,Arroz,Brand D,0.78,-2.8,13.7,24.1,13.5,images/default_image.jpg
d2,Almendras,Brand I,1.22,5.2,19.9,6.6,10.4,images/default_image.jpg
d2,Arroz,Brand I,4.9,9.5,9.9,24.2,3.9,images/default_image.jpg
d2,Plátano,Brand F,1.42,6.8,1.4,24.7,17.8,images/default_image.jpg
d2,Pechuga de Pollo,Brand C,1.01,1.8,13.6,27.6,8.4,images/default_image.jpg
d2,Manzana,Brand B,6.29,2.0,30.4,30.0,4.6,images/default_image.jpg
d2,Brócoli,Brand I,1.13,0.5,10.3,43.5,8.8,images/default_image.jpg
d2,Avena,Brand D,1.32,0.1,30.3,50.1,20.5,images/default_image.jpg
d2,Huevos,Brand H,3.18,6.8,21.6,34.8,2.7,images/default_image.jpg
d2,Pechuga de Pollo,Brand C,0.43,-2.1,8.1,42.6,5.4,images/default_image.jpg
d2,Manzana,Brand C,4.0,-5.0,3.6,49.1,15.1,images/default_image.jpg
d2,Yogur Griego,Brand I,4.02,-1.2,20.7,10.4,9.8,images/default_image.jpg
d2,Manzana,Brand G,3.79,6.5,10.9,23.3,4.6,images/default_image.jpg
d2,Salmón,Brand H,2.83,12.1,22.3,7.7,1.7,images/default_image.jpg
d2,Plátano,Brand J,4.28,2.7,14.1,11.0,14.8,images/default_image.jpg
d2,Yogur Griego,Brand J,2.58,8.6,8.7,48.4,3.1,images/default_image.jpg
d2,Brócoli,Brand I,1.95,-4.9,17.1,11.7,8.4,images/default_image.jpg
d2,Espinaca,Brand A,6.47,4.7,12.2,49.9,16.0,images/default_image.jpg
d2,Yogur Griego,Brand B,3.98,-4.2,5.4,47.0,4.7,images/default_image.jpg
d2,Espinaca,Brand B,0.98,-4.1,28.9,35.5,9.4,images/default_image.jpg
d2,Manzana,Brand G,4.84,7.5,6.0,48.7,3.9,images/default_image.jpg
d2,Manzana,Brand G,3.76,-2.6,27.0,23.6,10.1,images/default_image.jpg
d2,Arroz,Brand C,3.89,-0.2,27.5,8.0,9.4,images/default_image.jpg
d2,Manzana,Brand H,1.5,3.1,7.0,51.7,11.7,images/default_image.jpg
d2,Manzana,Brand A,6.53,7.4,6.4,11.5,2.4,images/default_image.jpg
d2,Brócoli,Brand F,4.4,-4.5,11.6,11.4,7.2,images/default_image.jpg
d2,Arroz,Brand J,4.36,1.5,23.5,49.2,3.4,images/default_image.jpg
d2,Pechuga de Pollo,Brand E,5.39,7.9,7.3,26.9,13.2,images/default_image.jpg
d2,Manzana,Brand G,6.76,1.5,28.6,9.2,17.6,images/default_image.jpg
d2,Almendras,Brand G,3.33,4.7,22.5,8.0,15.8,images/default_image.jpg
d2,Salmón,Brand C,5.27,-0.7,24.4,13.9,5.1,images/default_image.jpg
d2,Espinaca,Brand G,3.36,7.2,15.8,10.4,10.6,images/default_image.jpg
d2,Huevos,Brand H,2.0,-3.5,30.6,23.3,12.6,images/default_image.jpg
d2,Plátano,Brand C,3.79,7.1,23.1,11.5,11.7,images/default_image.jpg
d2,Manzana,Brand C,3.45,1.2,26.0,21.7,3.9,images/default_image.jpg
d2,Huevos,Brand J,6.52,5.9,15.2,30.9,7.2,images/default_image.jpg
d2,Plátano,Brand A,0.71,3.6,2.0,39.5,7.6,images/default_image.jpg
d2,Yogur Griego,Brand J,1.46,-3.3,6.0,16.6,5.8,images/default_image.jpg
d2,Almendras,Brand C,2.08,14.0,14.2,34.8,1.4,images/default_image.jpg
d2,Arroz,Brand I,2.05,5.4,11.6,32.4,4.3,images/default_image.jpg
d2,Plátano,Brand I,2.15,4.0,16.7,28.8,10.2,images/default_image.jpg
d2,Salmón,Brand C,5.4,1.6,9.7,9.3,4.6,images/default_image.jpg
d2,Brócoli,Brand H,5.91,-5.9,15.4,41.9,5.8,images/default_image.jpg
d2,Salmón,Brand D,6.44,-2.7,20.1,26.8,5.2,images/default_image.jpg
d2,Huevos,Brand C,0.57,6.1,24.3,46.7,5.9,images/default_image.jpg
d2,Salmón,Brand A,4.6,-1.1,28.7,46.9,8.6,images/default_image.jpg
d2,Salmón,Brand F,4.85,10.5,22.0,42.2,10.2,images/default_image.jpg
d2,Espinaca,Brand B,6.33,2.5,2.7,42.1,-0.1,images/default_image.jpg
d2,Manzana,Brand G,6.99,1.0,8.2,46.2,15.5,images/default_image.jpg
d2,Plátano,Brand A,4.8,8.0,28.5,36.0,17.4,images/default_image.jpg
d2,Arroz,Brand J,5.41,3.0,9.5,9.4,11.5,images/default_image.jpg
d2,Brócoli,Brand G,5.94,5.7,28.2,38.4,11.3,images/default_image.jpg
d2,Salmón,Brand F,1.89,-0.3,28.5,27.2,0.9,images/default_image.jpg
d2,Pechuga de Pollo,Brand C,5.09,-2.8,8.7,20.6,10.4,images/default_image.jpg
d2,Espinaca,Brand J,0.68,2.5,26.4,20.1,9.3,images/default_image.jpg
d2,Plátano,Brand H,3.17,2.1,20.5,15.8,12.7,images/default_image.jpg
d2,Espinaca,Brand G,2.95,5.7,13.5,31.0,16.3,images/default_image.jpg
d2,Avena,Brand B,1.75,5.5,13.4,39.6,0.7,images/default_image.jpg
d2,Plátano,Brand E,4.39,-5.6,24.3,25.6,7.7,images/default_image.jpg
d2,Almendras,Brand I,1.08,14.1,27.2,11.7,13.8,images/default_image.jpg
d2,Manzana,Brand J,6.92,5.8,22.0,14.3,14.8,images/default_image.jpg
d2,Avena,Brand F,2.16,4.4,22.3,16.4,16.0,images/default_image.jpg
d2,Avena,Brand D,2.64,4.0,11.4,5.4,10.3,images/default_image.jpg
d2,Yogur Griego,Brand A,5.84,0.5,29.4,9.3,17.0,images/default_image.jpg
d2,Brócoli,Brand E,4.25,3.3,14.4,33.0,16.5,images/default_image.jpg
d2,Brócoli,Brand F,6.55,3.8,1.4,23.0,6.6,images/default_image.jpg
d2,Avena,Brand C,3.12,-3.8,21.4,40.3,5.5,images/default_image.jpg
d2,Pechuga de Pollo,Brand H,4.71,-3.8,17.9,21.4,0.2,images/default_image.jpg
d2,Plátano,Brand G,6.35,2.2,4.5,35.6,18.4,images/default_image.jpg
d2,Brócoli,Brand H,1.76,-0.8,13.9,26.5,5.8,images/default_image.jpg
d2,Manzana,Brand F,5.84,-4.1,20.7,28.5,13.9,images/default_image.jpg
d2,Plátano,Brand J,2.18,-4.4,8.8,13.8,14.4,images/default_image.jpg
d2,Salmón,Brand D,4.18,7.3,24.2,8.8,1.8,images/default_image.jpg
d2,Yogur Griego,Brand H,5.7,3.3,25.0,18.5,15.1,images/default_image.jpg
d2,Plátano,Brand B,4.25,0.0,22.1,16.1,16.3,images/default_image.jpg
d2,Avena,Brand A,3.69,5.1,16.9,14.5,0.9,images/default_image.jpg
d2,Yogur Griego,Brand B,0.61,1.5,7.4,35.8,12.5,images/default_image.jpg
d2,Espinaca,Brand G,6.29,5.6,25.2,11.3,11.0,images/default_image.jpg
d2,Espinaca,Brand G,1.15,2.7,12.2,14.2,16.6,images/default_image.jpg
d2,Brócoli,Brand E,3.24,6.9,3.4,18.1,12.1,images/default_image.jpg
d2,Espinaca,Brand E,1.02,3.4,21.3,50.4,7.9,images/default_image.jpg
d2,Almendras,Brand G,4.58,14.0,8.0,30.5,15.0,images/default_image.jpg
d2,Arroz,Brand J,4.62,4.2,19.4,33.2,2.4,images/default_image.jpg
d2,Pechuga de Pollo,Brand G,4.46,2.2,6.1,43.2,13.3,images/default_image.jpg
d2,Manzana,Brand B,4.8,5.2,2.6,28.5,7.2,images/default_image.jpg
d2,Arroz,Brand F,2.25,9.7,22.7,44.4,14.0,images/default_image.jpg
d2,Almendras,Brand G,6.55,9.2,3.3,20.5,13.2,images/default_image.jpg
d2,Huevos,Brand C,3.42,6.4,26.8,16.5,18.6,images/default_image.jpg
d2,Espinaca,Brand E,1.11,-5.5,15.3,13.8,3.0,images/default_image.jpg
d2,Salmón,Brand A,0.8,6.6,11.2,9.0,19.3,images/default_image.jpg
d2,Espinaca,Brand F,1.01,-2.0,11.7,47.3,16.6,images/default_image.jpg
d2,Almendras,Brand D,6.93,13.3,13.0,39.5,20.4,images/default_image.jpg
d2,Arroz,Brand C,5.85,9.9,9.9,36.4,6.4,images/default_image.jpg
d2,Yogur Griego,Brand A,1.74,6.1,23.4,20.1,5.2,images/default_image.jpg
d2,Arroz,Brand F,1.59,5.7,5.4,27.2,1.4,images/default_image.jpg
d2,Arroz,Brand G,1.13,-4.3,22.4,42.2,18.9,images/default_image.jpg
d2,Avena,Brand D,4.74,7.2,22.2,1.8,4.3,images/default_image.jpg
d2,Manzana,Brand H,5.26,3.8,17.2,27.1,2.6,images/default_image.jpg
d2,Avena,Brand D,4.87,7.2,10.5,27.7,10.1,images/default_image.jpg
d2,Almendras,Brand F,2.98,12.4,17.9,45.1,17.8,images/default_image.jpg
d2,Brócoli,Brand B,2.32,-1.6,10.8,25.4,10.5,images/default_image.jpg
d2,Manzana,Brand B,5.33,-2.9,15.2,38.1,15.3,images/default_image.jpg
d2,Arroz,Brand E,6.21,4.4,18.7,22.3,20.0,images/default_image.jpg
d2,Manzana,Brand E,2.76,-6.9,12.0,23.8,5.2,images/default_image.jpg
d2,Huevos,Brand D,6.31,7.6,18.0,4.7,12.5,images/default_image.jpg
d2,Almendras,Brand F,1.72,14.7,20.3,17.2,3.5,images/default_image.jpg
d2,Almendras,Brand E,4.1,9.7,21.3,38.8,16.4,images/default_image.jpg
d2,Yogur Griego,Brand I,5.04,8.1,13.0,17.3,15.3,images/default_image.jpg
d2,Arroz,Brand F,3.24,1.8,12.6,33.1,8.8,images/default_image.jpg
d2,Espinaca,Brand A,5.43,3.7,2.1,13.7,17.0,images/default_image.jpg
d2,Arroz,Brand C,4.5,3.1,12.9,36.4,12.3,images/default_image.jpg
d2,Manzana,Brand A,6.58,-1.3,14.0,42.9,4.5,images/default_image.jpg
d2,Avena,Brand B,1.57,9.0,22.7,48.8,2.7,images/default_image.jpg
d2,Plátano,Brand J,4.24,2.7,25.1,34.4,8.3,images/default_image.jpg
d2,Yogur Griego,Brand J,4.65,8.8,12.2,43.8,17.1,images/default_image.jpg
d2,Arroz,Brand B,1.5,7.3,19.8,13.3,14.1,images/default_image.jpg
d2,Salmón,Brand D,4.12,5.8,26.8,47.4,19.5,images/default_image.jpg
d2,Salmón,Brand C,5.41,12.4,22.9,48.6,17.3,images/default_image.jpg
d2,Pechuga de Pollo,Brand G,4.22,5.2,21.4,32.8,8.1,images/default_image.jpg
d2,Almendras,Brand B,4.34,14.8,9.0,14.0,18.4,images/default_image.jpg
d2,Espinaca,Brand E,4.24,-3.0,22.9,21.7,12.1,images/default_image.jpg
d2,Arroz,Brand J,3.16,-3.6,23.0,46.1,7.0,images/default_image.jpg
d2,Almendras,Brand I,5.71,3.3,28.3,35.0,16.4,images/default_image.jpg
d2,Almendras,Brand J,5.71,0.7,23.5,25.8,11.8,images/default_image.jpg
d2,Salmón,Brand H,0.71,7.8,4.2,30.7,11.7,images/default_image.jpg
d2,Yogur Griego,Brand E,5.35,-4.5,14.6,40.3,0.8,images/default_image.jpg
d2,Avena,Brand G,1.93,0.8,3.5,49.0,-0.5,images/default_image.jpg
d2,Avena,Brand F,5.96,-4.7,28.1,46.9,5.3,images/default_image.jpg
d2,Avena,Brand I,0.56,9.7,25.7,28.1,4.9,images/default_image.jpg
d2,Arroz,Brand F,2.48,0.4,28.7,24.8,4.9,images/default_image.jpg
d2,Espinaca,Brand F,2.89,6.1,17.3,45.0,16.8,images/default_image.jpg
d2,Arroz,Brand D,1.45,-3.3,15.4,44.1,3.6,images/default_image.jpg
d2,Plátano,Brand F,4.33,-7.3,28.9,47.9,12.0,images/default_image.jpg
d2,Pechuga de Pollo,Brand C,6.03,-0.1,17.9,37.1,11.6,images/default_image.jpg
d2,Avena,Brand B,6.46,5.8,11.2,26.6,4.5,images/default_image.jpg
d2,Brócoli,Brand D,0.75,0.8,9.6,39.4,16.3,images/default_image.jpg
d2,Pechuga de Pollo,Brand F,1.92,1.3,15.8,40.2,5.1,images/default_image.jpg
d2,Manzana,Brand F,3.66,5.6,17.4,23.5,18.7,images/default_image.jpg
d2,Arroz,Brand F,1.82,-3.4,1.0,8.4,15.7,images/default_image.jpg
d2,Arroz,Brand A,1.9,4.3,28.3,12.0,8.5,images/default_image.jpg
d2,Brócoli,Brand C,2.45,-3.7,26.7,17.1,7.4,images/default_image.jpg
d2,Espinaca,Brand B,5.95,-1.7,7.4,51.0,13.0,images/default_image.jpg
d2,Pechuga de Pollo,Brand A,5.11,1.7,22.7,32.7,7.9,images/default_image.jpg
d2,Manzana,Brand J,2.89,7.6,16.9,11.2,13.5,images/default_image.jpg
d2,Espinaca,Brand B,6.44,-3.9,7.9,41.6,9.4,images/default_image.jpg
d2,Almendras,Brand G,0.86,11.9,25.7,12.5,10.1,images/default_image.jpg
d2,Pechuga de Pollo,Brand D,3.68,1.2,12.2,2.1,6.5,images/default_image.jpg
d2,Yogur Griego,Brand H,5.02,-0.2,2.7,40.2,5.2,images/default_image.jpg
d2,Almendras,Brand G,1.67,3.8,21.9,6.0,14.0,images/default_image.jpg
d2,Manzana,Brand C,2.52,8.4,21.0,45.6,5.9,images/default_image.jpg
d2,Avena,Brand C,0.78,6.7,20.4,40.2,6.9,images/default_image.jpg
d2,Salmón,Brand E,6.21,7.4,12.5,37.8,6.6,images/default_image.jpg
d2,Manzana,Brand E,1.06,1.2,26.6,35.9,1.3,images/default_image.jpg
d2,Plátano,Brand G,2.97,5.2,16.8,19.4,11.2,images/default_image.jpg
d2,Brócoli,Brand H,4.65,5.2,18.4,50.5,9.9,images/default_image.jpg
d2,Espinaca,Brand E,3.42,-2.7,20.1,23.8,16.8,images/default_image.jpg
d2,Espinaca,Brand C,3.53,-1.1,14.9,46.5,8.8,images/default_image.jpg
d2,Plátano,Brand F,4.63,1.5,25.7,43.2,17.1,images/default_image.jpg
d2,Manzana,Brand D,2.16,0.3,26.9,16.6,0.7,images/default_image.jpg
d2,Yogur Griego,Brand C,4.51,-3.4,26.0,30.0,15.5,images/default_image.jpg
d2,Pechuga de Pollo,Brand G,4.71,7.1,6.2,45.3,2.9,images/default_image.jpg
d2,Brócoli,Brand D,4.73,6.7,12.6,9.1,18.8,images/default_image.jpg
d2,Huevos,Brand J,0.7,2.4,7.4,20.4,19.9,images/default_image.jpg
d2,Avena,Brand G,6.04,4.0,5.9,46.3,5.1,images/default_image.jpg
d2,Avena,Brand A,4.82,0.7,18.9,13.8,9.5,images/default_image.jpg
d2,Espinaca,Brand H,6.59,4.2,7.5,25.8,12.6,images/default_image.jpg
d2,Manzana,Brand G,2.95,-4.0,23.5,40.5,14.1,images/default_image.jpg
d2,Salmón,Brand D,3.8,4.0,8.3,7.2,11.5,images/default_image.jpg
d2,Almendras,Brand D,0.88,7.5,26.6,40.3,1.4,images/default_image.jpg
d2,Plátano,Brand J,1.11,-3.8,12.7,20.7,20.0,images/default_image.jpg
d2,Almendras,Brand I,3.2,2.5,21.3,39.2,2.1,images/default_image.jpg
d2,Pechuga de Pollo,Brand F,2.36,6.3,8.6,42.6,9.7,images/default_image.jpg
d2,Salmón,Brand E,4.71,2.2,12.6,30.1,9.3,images/default_image.jpg
d2,Espinaca,Brand E,5.37,3.2,17.3,27.7,4.0,images/default_image.jpg
d2,Avena,Brand I,2.82,2.4,1.0,48.4,7.3,images/default_image.jpg
d2,Pechuga de Pollo,Brand J,6.7,6.2,20.6,22.4,14.1,images/default_image.jpg
d2,Manzana,Brand G,0.56,-2.4,25.7,3.3,12.6,images/default_image.jpg
d2,Arroz,Brand F,0.68,5.5,19.2,51.2,11.5,images/default_image.jpg
d2,Avena,Brand H,2.45,-1.4,1.4,41.8,7.3,images/default_image.jpg
d2,Manzana,Brand B,3.71,6.2,24.4,13.2,7.5,images/default_image.jpg
d2,Avena,Brand B,3.49,7.9,12.1,27.4,10.8,images/default_image.jpg
d2,Arroz,Brand A,3.2,-2.3,3.1,38.9,0.5,images/default_image.jpg
d2,Avena,Brand J,3.74,-5.1,6.1,31.8,2.3,images/default_image.jpg
d2,Yogur Griego,Brand B,2.39,6.8,13.4,14.1,1.3,images/default_image.jpg
d2,Salmón,Brand E,6.51,2.7,24.5,21.8,8.5,images/default_image.jpg
d2,Espinaca,Brand A,1.72,3.2,13.2,19.4,13.4,images/default_image.jpg
d2,Arroz,Brand J,4.84,-3.4,27.7,46.7,6.0,images/default_image.jpg
d2,Salmón,Brand F,5.28,0.6,23.3,3.1,17.4,images/default_image.jpg
d2,Arroz,Brand C,5.89,8.9,9.4,26.2,2.4,images/default_image.jpg
d2,Arroz,Brand A,2.05,2.0,16.7,4.2,7.3,images/default_image.jpg
d2,Almendras,Brand F,0.97,4.1,12.1,33.9,11.2,images/default_image.jpg
d2,Almendras,Brand B,3.29,9.0,13.2,18.8,9.1,images/default_image.jpg
d2,Espinaca,Brand I,1.23,-3.5,3.4,8.4,5.2,images/default_image.jpg
d2,Almendras,Brand I,3.2,4.1,15.6,31.5,13.2,images/default_image.jpg
d2,Brócoli,Brand A,6.09,1.3,17.2,43.2,10.5,images/default_image.jpg
d2,Manzana,Brand G,5.87,-1.8,15.6,26.6,10.8,images/default_image.jpg
d2,Manzana,Brand J,3.77,7.4,24.7,44.3,19.6,images/default_image.jpg
d2,Arroz,Brand G,3.34,-4.5,4.2,49.0,4.5,images/default_image.jpg
d2,Plátano,Brand E,1.5,-2.3,5.8,17.1,5.3,images/default_image.jpg
d2,Salmón,Brand I,5.69,4.1,16.3,45.3,14.7,images/default_image.jpg
d2,Salmón,Brand I,5.43,4.4,28.6,32.0,9.4,images/default_image.jpg
d2,Arroz,Brand H,1.61,-5.6,30.3,28.5,2.8,images/default_image.jpg
d2,Pechuga de Pollo,Brand A,0.52,7.1,17.3,19.7,14.1,images/default_image.jpg
d2,Arroz,Brand A,5.22,7.9,25.5,34.5,-0.4,images/default_image.jpg
d2,Huevos,Brand E,5.67,3.7,12.1,7.3,13.4,images/default_image.jpg
d2,Yogur Griego,Brand G,6.8,0.5,18.0,27.4,16.2,images/default_image.jpg
d2,Avena,Brand B,4.49,-1.2,1.1,10.9,11.3,images/default_image.jpg
d2,Brócoli,Brand A,3.78,-2.6,10.7,24.2,1.0,images/default_image.jpg
d2,Pechuga de Pollo,Brand F,2.87,-4.5,12.0,12.3,18.8,images/default_image.jpg
d2,Huevos,Brand B,3.65,-5.4,5.2,22.3,0.8,images/default_image.jpg
d2,Espinaca,Brand D,0.82,0.5,4.1,24.8,12.5,images/default_image.jpg
d2,Almendras,Brand J,5.98,12.3,13.1,23.4,4.2,images/default_image.jpg
d2,Manzana,Brand D,5.84,1.3,18.0,2.9,5.7,images/default_image.jpg
d2,Huevos,Brand I,1.4,6.4,6.4,8.1,4.8,images/default_image.jpg
d2,Manzana,Brand H,6.01,6.7,4.9,10.4,12.1,images/default_image.jpg
d2,Brócoli,Brand C,4.94,1.8,24.9,43.8,4.5,images/default_image.jpg
d2,Almendras,Brand H,6.29,5.2,13.9,13.2,9.3,images/default_image.jpg
d2,Arroz,Brand H,3.83,0.2,19.5,33.4,1.3,images/default_image.jpg
d2,Pechuga de Pollo,Brand D,6.43,1.6,13.1,38.9,16.6,images/default_image.jpg
d2,Almendras,Brand G,3.54,5.7,22.1,24.5,3.9,images/default_image.jpg
d2,Espinaca,Brand G,6.24,7.4,9.8,23.2,15.3,images/default_image.jpg
d2,Yogur Griego,Brand B,5.85,1.7,22.2,41.3,7.6,images/default_image.jpg
d2,Yogur Griego,Brand E,4.62,3.9,26.9,14.2,16.2,images/default_image.jpg
d2,Avena,Brand E,1.38,1.6,26.9,41.2,3.4,images/default_image.jpg
d2,Pechuga de Pollo,Brand J,3.27,8.5,28.3,31.8,9.8,images/default_image.jpg
d2,Brócoli,Brand E,0.44,6.9,19.0,35.2,15.9,images/default_image.jpg
d2,Avena,Brand B,2.37,-4.8,14.5,29.9,0.7,images/default_image.jpg
d2,Pechuga de Pollo,Brand B,2.79,0.1,1.0,11.6,12.2,images/default_image.jpg
d2,Avena,Brand C,3.13,0.0,6.7,27.2,8.0,images/default_image.jpg
d2,Pechuga de Pollo,Brand A,3.19,4.5,6.3,46.4,1.2,images/default_image.jpg
d2,Yogur Griego,Brand G,1.91,6.0,12.0,11.6,11.8,images/default_image.jpg
d2,Arroz,Brand H,1.88,-0.2,20.0,24.1,11.7,images/default_image.jpg
d2,Almendras,Brand E,2.06,3.8,20.0,43.0,15.9,images/default_image.jpg
d2,Avena,Brand G,0.79,-5.5,12.4,29.1,11.5,images/default_image.jpg
d2,Arroz,Brand B,5.31,5.0,6.1,6.7,7.2,images/default_image.jpg
d2,Pechuga de Pollo,Brand C,5.76,2.3,18.6,40.1,5.8,images/default_image.jpg
d2,Arroz,Brand E,5.7,4.6,13.8,42.2,4.9,images/default_image.jpg
d2,Manzana,Brand C,3.89,3.7,6.3,20.3,14.0,images/default_image.jpg
d2,Salmón,Brand H,4.79,6.4,2.7,25.0,11.3,images/default_image.jpg
d2,Pechuga de Pollo,Brand C,5.76,-3.2,7.4,25.2,15.1,images/default_image.jpg
d2,Pechuga de Pollo,Brand B,6.6,4.6,2.6,23.0,18.4,images/default_image.jpg
d2,Huevos,Brand A,1.69,-4.0,17.4,13.6,17.8,images/default_image.jpg
d2,Salmón,Brand J,6.51,-1.1,8.4,42.8,8.9,images/default_image.jpg
d2,Yogur Griego,Brand F,3.61,6.8,11.6,43.5,11.0,images/default_image.jpg
d2,Yogur Griego,Brand G,0.65,7.0,13.2,39.3,-0.0,images/default_image.jpg
d2,Arroz,Brand G,1.01,1.1,5.3,40.2,7.7,images/default_image.jpg
d2,Manzana,Brand C,2.83,1.4,29.4,22.6,13.3,images/default_image.jpg
d2,Almendras,Brand A,2.19,7.8,3.1,47.4,10.2,images/default_image.jpg
d2,Espinaca,Brand F,2.9,0.3,2.9,36.6,12.3,images/default_image.jpg
d2,Avena,Brand D,6.29,3.7,7.3,47.5,10.7,images/default_image.jpg
d2,Plátano,Brand A,2.41,-3.3,23.5,48.1,11.6,images/default_image.jpg
d2,Pechuga de Pollo,Brand C,4.6,-0.7,27.0,42.9,17.6,images/default_image.jpg
d2,Espinaca,Brand F,1.35,-2.8,24.5,34.6,18.0,images/default_image.jpg
d2,Salmón,Brand H,1.09,7.2,18.5,34.2,2.1,images/default_image.jpg
d2,Brócoli,Brand B,5.13,-6.2,12.4,46.0,1.7,images/default_image.jpg
d2,Almendras,Brand J,6.94,12.2,7.4,17.8,14.3,images/default_image.jpg
d2,Salmón,Brand B,2.91,11.4,7.4,37.7,9.8,images/default_image.jpg
d2,Yogur Griego,Brand I,3.71,-5.7,29.1,25.1,3.9,images/default_image.jpg
d2,Arroz,Brand J,5.43,-2.4,26.5,25.8,8.1,images/default_image.jpg
d2,Brócoli,Brand D,4.69,-3.4,12.1,29.8,4.7,images/default_image.jpg
d2,Salmón,Brand F,6.09,1.0,30.2,15.5,12.3,images/default_image.jpg
d2,Espinaca,Brand D,6.85,7.5,5.0,30.0,16.0,images/default_image.jpg
d2,Brócoli,Brand G,6.84,7.8,2.6,14.1,20.5,images/default_image.jpg
d2,Arroz,Brand A,4.7,-1.0,6.2,18.9,10.6,images/default_image.jpg
d2,Yogur Griego,Brand H,0.84,-1.9,15.2,44.3,13.3,images/default_image.jpg
d2,Manzana,Brand C,2.35,2.4,5.0,36.1,6.8,images/default_image.jpg
d2,Yogur Griego,Brand I,4.79,0.2,8.8,19.8,15.0,images/default_image.jpg
d2,Manzana,Brand B,4.61,-6.2,9.7,50.5,8.8,images/default_image.jpg
d2,Almendras,Brand J,3.39,4.8,25.9,10.3,17.8,images/default_image.jpg
d2,Pechuga de Pollo,Brand D,4.83,-3.5,19.8,12.1,18.2,images/default_image.jpg
d2,Arroz,Brand E,5.6,-3.4,20.7,23.9,15.7,images/default_image.jpg
d2,Almendras,Brand I,4.65,13.7,28.0,19.4,5.6,images/default_image.jpg
d2,Avena,Brand J,6.9,-4.8,7.8,41.4,18.1,images/default_image.jpg
d2,Espinaca,Brand J,2.6,6.1,9.9,45.7,13.6,images/default_image.jpg
d2,Almendras,Brand A,5.03,12.8,20.8,16.5,15.6,images/default_image.jpg
d2,Brócoli,Brand J,5.61,3.6,23.1,34.6,12.6,images/default_image.jpg
d2,Almendras,Brand E,2.77,8.9,5.6,14.9,6.7,images/default_image.jpg
d2,Espinaca,Brand C,5.48,2.1,28.0,39.8,6.1,images/default_image.jpg
d2,Almendras,Brand I,4.02,1.2,3.2,10.1,18.3,images/default_image.jpg
d2,Espinaca,Brand A,5.04,-3.9,25.5,35.7,1.4,images/default_image.jpg
d2,Espinaca,Brand C,5.44,-1.1,14.5,31.6,14.7,images/default_image.jpg
d2,Pechuga de Pollo,Brand A,5.45,-3.9,2.2,48.1,7.2,images/default_image.jpg
d2,Yogur Griego,Brand H,0.6,6.9,26.5,15.3,16.5,images/default_image.jpg
d2,Salmón,Brand B,2.19,7.7,11.0,45.4,11.7,images/default_image.jpg
d2,Salmón,Brand D,3.55,10.5,14.6,28.5,10.2,images/default_image.jpg
d2,Brócoli,Brand I,5.66,-0.9,8.3,46.1,10.1,images/default_image.jpg
d2,Salmón,Brand J,4.19,6.0,28.1,45.5,7.4,images/default_image.jpg
d2,Salmón,Brand H,2.26,10.6,23.6,11.3,18.7,images/default_image.jpg
d2,Huevos,Brand D,6.65,-5.6,29.6,22.0,6.6,images/default_image.jpg
d2,Arroz,Brand H,2.78,3.5,11.9,28.2,9.2,images/default_image.jpg
d2,Yogur Griego,Brand G,0.82,7.9,16.7,28.6,17.5,images/default_image.jpg
d2,Huevos,Brand E,4.75,-1.7,22.8,29.5,8.0,images/default_image.jpg
d2,Manzana,Brand I,5.39,2.7,4.9,36.2,3.0,images/default_image.jpg
d2,Espinaca,Brand F,1.62,-7.0,20.8,5.9,17.5,images/default_image.jpg
d2,Espinaca,Brand D,5.29,-2.9,18.1,30.2,14.5,images/default_image.jpg
d2,Espinaca,Brand D,3.14,-2.0,0.9,10.2,18.2,images/default_image.jpg
d2,Plátano,Brand J,0.87,-1.2,8.4,38.2,8.0,images/default_image.jpg
d2,Yogur Griego,Brand D,2.23,-3.7,6.6,32.5,0.4,images/default_image.jpg
d2,Huevos,Brand J,1.31,3.8,10.6,36.5,3.0,images/default_image.jpg
d2,Pechuga de Pollo,Brand D,6.65,-3.6,6.3,14.4,17.3,images/default_image.jpg
d2,Yogur Griego,Brand D,3.92,7.5,18.8,8.3,3.4,images/default_image.jpg
d2,Manzana,Brand D,2.02,5.9,-0.2,20.6,9.6,images/default_image.jpg
d2,Espinaca,Brand H,1.62,4.9,6.7,7.7,1.7,images/default_image.jpg
d2,Avena,Brand J,6.14,3.4,0.8,37.1,6.4,images/default_image.jpg
d2,Yogur Griego,Brand E,5.4,6.9,13.5,44.5,18.4,images/default_image.jpg
d2,Espinaca,Brand C,2.7,5.5,21.2,20.6,18.1,images/default_image.jpg
d2,Huevos,Brand I,0.41,5.1,30.1,42.2,8.3,images/default_image.jpg
d2,Pechuga de Pollo,Brand E,0.78,-1.9,12.7,29.0,3.9,images/default_image.jpg
d2,Arroz,Brand G,0.34,-0.3,14.8,17.8,4.0,images/default_image.jpg
d2,Brócoli,Brand H,4.88,-3.2,27.4,6.5,19.0,images/default_image.jpg
d2,Almendras,Brand A,6.61,6.7,9.2,10.8,16.9,images/default_image.jpg
d2,Brócoli,Brand F,3.13,-2.9,12.7,30.9,1.6,images/default_image.jpg
d2,Plátano,Brand A,0.71,6.7,22.1,6.8,9.7,images/default_image.jpg
d2,Pechuga de Pollo,Brand F,4.81,0.8,29.1,12.7,6.6,images/default_image.jpg
d2,Salmón,Brand C,4.78,5.2,1.2,24.2,4.4,images/default_image.jpg
d2,Brócoli,Brand E,3.97,-4.3,9.6,43.4,1.3,images/default_image.jpg
d2,Salmón,Brand A,4.58,2.3,13.8,19.0,15.3,images/default_image.jpg
d2,Yogur Griego,Brand B,5.92,-3.9,8.3,4.3,12.2,images/default_image.jpg
d2,Avena,Brand D,6.13,-3.1,3.2,46.0,9.0,images/default_image.jpg
d2,Espinaca,Brand B,6.39,-0.8,18.8,18.3,15.8,images/default_image.jpg
d2,Plátano,Brand G,6.02,-5.7,24.0,38.5,10.0,images/default_image.jpg
d2,Pechuga de Pollo,Brand J,3.21,-1.9,8.3,48.3,6.9,images/default_image.jpg
d2,Salmón,Brand J,6.87,4.8,28.6,45.2,6.6,images/default_image.jpg
d2,Pechuga de Pollo,Brand J,6.0,-0.8,12.5,37.0,9.3,images/default_image.jpg
d2,Almendras,Brand I,3.99,13.7,13.9,34.8,10.1,images/default_image.jpg
d2,Avena,Brand F,3.97,3.8,10.8,33.3,5.4,images/default_image.jpg
d2,Arroz,Brand I,2.7,6.9,21.4,11.1,20.3,images/default_image.jpg
d2,Plátano,Brand F,6.87,3.8,16.3,30.8,15.2,images/default_image.jpg
d2,Salmón,Brand B,5.77,3.0,26.1,25.5,5.9,images/default_image.jpg
d2,Espinaca,Brand E,5.63,4.1,7.4,41.7,4.2,images/default_image.jpg
d2,Plátano,Brand I,0.51,-6.4,22.7,13.9,9.6,images/default_image.jpg
d2,Huevos,Brand C,4.6,-2.2,0.5,40.8,11.7,images/default_image.jpg
d2,Plátano,Brand A,4.32,-1.3,4.8,38.2,19.3,images/default_image.jpg
d2,Brócoli,Brand B,3.86,3.4,23.7,23.1,-0.3,images/default_image.jpg
d2,Pechuga de Pollo,Brand G,1.31,0.5,21.0,7.1,2.2,images/default_image.jpg
d2,Almendras,Brand E,1.41,3.0,1.9,27.4,6.1,images/default_image.jpg
d2,Pechuga de Pollo,Brand B,2.48,-4.7,6.3,14.9,16.5,images/default_image.jpg
d2,Avena,Brand G,3.39,6.9,21.4,40.2,8.1,images/default_image.jpg
d2,Manzana,Brand I,3.68,1.0,7.4,45.7,15.8,images/default_image.jpg
d2,Pechuga de Pollo,Brand H,1.27,5.5,14.8,40.0,2.5,images/default_image.jpg
d2,Yogur Griego,Brand E,5.56,-6.0,8.5,18.0,5.7,images/default_image.jpg
d2,Huevos,Brand B,4.42,9.0,20.0,41.9,17.4,images/default_image.jpg
d2,Plátano,Brand F,0.68,6.0,24.8,30.5,16.6,images/default_image.jpg
d2,Huevos,Brand I,5.44,-4.4,25.9,29.4,18.2,images/default_image.jpg
d2,Avena,Brand H,6.08,1.6,17.0,8.9,10.2,images/default_image.jpg
d2,Espinaca,Brand G,3.49,7.4,5.3,44.0,2.2,images/default_image.jpg
d2,Yogur Griego,Brand A,1.55,7.8,1.2,44.7,14.6,images/default_image.jpg
d2,Brócoli,Brand C,6.06,-5.8,7.1,28.2,12.3,images/default_image.jpg
d2,Avena,Brand C,4.69,3.4,2.2,49.1,14.4,images/default_image.jpg
d2,Espinaca,Brand F,4.56,-4.4,9.9,22.9,7.0,images/default_image.jpg
d2,Avena,Brand J,5.09,-5.3,8.5,18.3,12.6,images/default_image.jpg
d2,Avena,Brand F,2.28,0.2,22.3,15.3,14.1,images/default_image.jpg
d2,Avena,Brand G,2.23,-3.3,7.3,29.5,1.6,images/default_image.jpg
d2,Espinaca,Brand J,1.05,-6.1,23.0,38.6,18.5,images/default_image.jpg
d2,Yogur Griego,Brand F,6.9,-6.2,30.6,33.9,17.9,images/default_image.jpg
d2,Plátano,Brand J,0.93,-3.1,24.3,7.3,4.7,images/default_image.jpg
d2,Salmón,Brand D,2.75,-0.3,16.8,41.0,13.1,images/default_image.jpg
d2,Plátano,Brand C,4.0,1.8,2.9,7.3,19.7,images/default_image.jpg
d2,Huevos,Brand A,3.21,1.8,16.0,20.0,4.4,images/default_image.jpg
d2,Salmón,Brand H,2.15,-2.7,15.3,16.4,0.4,images/default_image.jpg
d2,Manzana,Brand H,1.48,-1.9,14.7,49.1,8.0,images/default_image.jpg
d2,Avena,Brand H,0.87,3.6,21.7,42.5,1.9,images/default_image.jpg
d2,Espinaca,Brand E,1.13,2.1,11.8,12.1,-0.1,images/default_image.jpg
d2,Arroz,Brand G,5.21,8.4,8.8,24.6,12.2,images/default_image.jpg
d2,Espinaca,Brand E,1.12,-4.5,4.4,35.6,4.7,images/default_image.jpg
d2,Pechuga de Pollo,Brand B,6.94,-2.5,26.1,35.6,4.6,images/default_image.jpg
d2,Salmón,Brand F,2.31,4.3,14.0,42.6,1.6,images/default_image.jpg
d2,Brócoli,Brand C,5.34,-5.4,13.8,12.8,17.4,images/default_image.jpg
d2,Espinaca,Brand H,5.04,-0.7,7.5,20.1,16.5,images/default_image.jpg
d2,Arroz,Brand B,2.18,9.4,3.3,41.7,13.6,images/default_image.jpg
d2,Yogur Griego,Brand E,5.66,-1.6,6.4,39.4,6.6,images/default_image.jpg
d2,Avena,Brand J,3.7,8.9,24.8,26.9,6.4,images/default_image.jpg
d2,Plátano,Brand F,4.17,-0.5,13.5,17.3,1.5,images/default_image.jpg
d2,Espinaca,Brand D,4.98,-3.4,13.6,42.6,14.4,images/default_image.jpg
d2,Manzana,Brand G,3.5,2.7,6.0,21.4,2.2,images/default_image.jpg
d2,Huevos,Brand A,1.33,-4.7,12.0,4.3,11.3,images/default_image.jpg
d2,Plátano,Brand G,6.23,-4.5,24.9,40.3,1.1,images/default_image.jpg
d2,Almendras,Brand H,3.24,12.6,16.1,34.1,18.4,images/default_image.jpg
d2,Yogur Griego,Brand D,5.0,-2.8,27.8,6.2,7.0,images/default_image.jpg
d2,Avena,Brand B,5.42,-3.7,12.6,31.5,15.7,images/default_image.jpg
d2,Salmón,Brand E,6.96,1.6,26.3,43.0,18.6,images/default_image.jpg
d2,Espinaca,Brand C,6.63,8.3,16.0,13.2,8.5,images/default_image.jpg
d2,Plátano,Brand C,6.61,7.9,24.5,25.7,5.6,images/default_image.jpg
d2,Yogur Griego,Brand G,3.0,1.8,4.7,22.6,2.4,images/default_image.jpg
d2,Manzana,Brand H,3.02,2.1,23.2,40.7,2.5,images/default_image.jpg
d2,Manzana,Brand C,1.65,2.0,13.3,44.3,7.4,images/default_image.jpg
d2,Pechuga de Pollo,Brand G,5.17,7.1,30.8,13.5,15.2,images/default_image.jpg
d2,Pechuga de Pollo,Brand G,5.14,2.2,14.0,26.8,10.7,images/default_image.jpg
d2,Manzana,Brand H,5.88,6.9,16.3,46.3,13.8,images/default_image.jpg
d2,Huevos,Brand B,5.71,-6.6,28.0,38.4,18.6,images/default_image.jpg
d2,Salmón,Brand G,4.73,8.6,29.3,47.2,12.9,images/default_image.jpg
d2,Brócoli,Brand C,5.88,3.6,15.4,30.4,11.7,images/default_image.jpg
d2,Pechuga de Pollo,Brand D,5.56,7.2,12.1,30.2,13.9,images/default_image.jpg
d2,Pechuga de Pollo,Brand A,1.61,9.7,6.9,12.5,4.0,images/default_image.jpg
d2,Avena,Brand C,2.66,5.7,29.9,20.9,5.8,images/default_image.jpg
d2,Plátano,Brand G,0.93,7.2,19.8,11.2,2.1,images/default_image.jpg
d2,Espinaca,Brand F,2.11,-5.4,24.8,21.0,12.5,images/default_image.jpg
d2,Arroz,Brand G,3.11,4.4,10.9,35.0,14.2,images/default_image.jpg
d2,Huevos,Brand E,6.49,2.6,11.2,9.7,2.4,images/default_image.jpg
d2,Manzana,Brand H,1.58,8.9,1.7,6.7,8.3,images/default_image.jpg
d2,Espinaca,Brand D,5.69,-1.1,15.4,50.0,20.0,images/default_image.jpg
d2,Yogur Griego,Brand D,6.46,-1.0,22.6,13.8,15.6,images/default_image.jpg
d2,Almendras,Brand G,4.0,13.7,1.8,37.9,13.0,images/default_image.jpg
d2,Espinaca,Brand B,6.13,1.2,10.3,25.3,9.4,images/default_image.jpg
d2,Plátano,Brand C,2.1,-6.8,15.1,15.9,4.4,images/default_image.jpg
d2,Yogur Griego,Brand E,1.7,-0.1,3.3,39.1,9.6,images/default_image.jpg
d2,Huevos,Brand H,5.2,5.1,24.3,10.7,13.5,images/default_image.jpg
d2,Yogur Griego,Brand E,1.95,-0.9,24.0,42.1,20.3,images/default_image.jpg
d2,Almendras,Brand J,3.39,14.5,15.6,40.2,11.3,images/default_image.jpg
d2,Manzana,Brand I,4.24,-4.1,22.7,43.7,7.4,images/default_image.jpg
d2,Almendras,Brand G,3.7,12.0,0.2,3.6,1.9,images/default_image.jpg
d2,Arroz,Brand F,0.83,-3.3,14.2,40.0,9.3,images/default_image.jpg
d2,Almendras,Brand F,3.98,8.6,3.3,39.9,5.2,images/default_image.jpg
d2,Huevos,Brand C,5.18,-2.6,25.7,25.4,11.9,images/default_image.jpg
d2,Brócoli,Brand D,1.59,8.4,16.5,41.8,3.4,images/default_image.jpg
d2,Yogur Griego,Brand A,2.14,4.9,24.6,24.9,3.2,images/default_image.jpg
d2,Avena,Brand G,2.19,0.1,9.8,21.3,4.9,images/default_image.jpg
d2,Espinaca,Brand J,1.93,2.3,5.5,13.6,20.7,images/default_image.jpg
d2,Brócoli,Brand A,6.19,9.0,16.0,21.5,5.7,images/default_image.jpg
d2,Plátano,Brand E,6.77,-3.0,26.7,19.0,6.4,images/default_image.jpg
d2,Salmón,Brand I,2.6,2.9,17.7,9.3,10.6,images/default_image.jpg
d2,Yogur Griego,Brand I,2.08,6.9,28.1,26.0,14.9,images/default_image.jpg
d2,Almendras,Brand G,4.61,11.8,14.4,26.4,9.0,images/default_image.jpg
d2,Huevos,Brand A,4.25,-2.7,29.4,46.7,18.2,images/default_image.jpg
d2,Yogur Griego,Brand F,2.99,5.1,26.3,39.2,11.7,images/default_image.jpg
d2,Espinaca,Brand F,2.44,-4.8,20.6,42.5,18.6,images/default_image.jpg
d2,Salmón,Brand F,1.47,12.3,13.9,37.0,7.9,images/default_image.jpg
d2,Manzana,Brand B,3.73,4.3,21.5,37.4,18.4,images/default_image.jpg
d2,Brócoli,Brand G,0.93,2.0,13.7,21.9,4.7,images/default_image.jpg
d2,Pechuga de Pollo,Brand J,4.65,7.6,4.7,33.4,17.9,images/default_image.jpg
d2,Pechuga de Pollo,Brand J,2.17,9.7,13.0,44.9,3.8,images/default_image.jpg
d2,Almendras,Brand J,6.64,0.2,29.1,8.4,-0.6,images/default_image.jpg
d2,Brócoli,Brand F,1.43,-3.6,13.2,35.9,13.2,images/default_image.jpg
d2,Huevos,Brand I,4.83,3.8,19.8,13.8,4.6,images/default_image.jpg
d2,Yogur Griego,Brand F,4.83,0.5,26.2,49.7,18.3,images/default_image.jpg
d2,Pechuga de Pollo,Brand H,3.96,-3.5,17.9,42.8,0.8,images/default_image.jpg
d2,Yogur Griego,Brand A,4.86,3.2,22.7,13.8,3.2,images/default_image.jpg
d2,Avena,Brand B,6.11,-3.4,27.2,22.1,10.5,images/default_image.jpg
d2,Avena,Brand B,5.69,4.8,15.9,25.2,13.8,images/default_image.jpg
d2,Plátano,Brand B,5.05,4.6,28.2,48.0,13.1,images/default_image.jpg
d2,Huevos,Brand F,0.75,6.8,23.9,41.6,5.0,images/default_image.jpg
d2,Avena,Brand D,2.45,0.1,6.0,41.7,16.9,images/default_image.jpg
d2,Espinaca,Brand C,1.58,-5.0,26.3,12.1,18.5,images/default_image.jpg
d2,Salmón,Brand B,4.72,0.3,5.2,20.8,12.8,images/default_image.jpg
d2,Salmón,Brand B,3.53,3.6,19.2,45.3,9.5,images/default_image.jpg
d2,Avena,Brand E,4.4,9.9,23.8,33.4,16.0,images/default_image.jpg
d2,Arroz,Brand D,1.43,-5.3,5.4,21.5,18.9,images/default_image.jpg
d2,Pechuga de Pollo,Brand B,5.07,9.7,19.8,25.9,17.1,images/default_image.jpg
d2,Almendras,Brand J,5.66,-0.1,21.0,39.2,8.1,images/default_image.jpg
d2,Avena,Brand D,4.6,-0.9,21.8,34.3,11.1,images/default_image.jpg
d2,Pechuga de Pollo,Brand B,2.08,5.4,12.4,9.4,10.1,images/default_image.jpg
d2,Yogur Griego,Brand J,5.81,6.7,27.2,20.8,18.4,images/default_image.jpg
d2,Brócoli,Brand C,7.04,5.8,18.5,29.5,2.9,images/default_image.jpg
d2,Espinaca,Brand A,5.74,8.8,8.8,42.0,17.9,images/default_image.jpg
d2,Almendras,Brand I,5.04,3.9,6.5,4.3,4.5,images/default_image.jpg
d2,Avena,Brand H,2.63,3.4,4.9,24.7,16.7,images/default_image.jpg
d2,Arroz,Brand G,5.79,-1.5,7.2,35.2,12.6,images/default_image.jpg
d2,Yogur Griego,Brand E,2.46,9.2,28.6,40.1,5.9,images/default_image.jpg
d2,Espinaca,Brand E,2.31,3.3,1.0,19.3,15.6,images/default_image.jpg
d2,Arroz,Brand F,6.44,2.2,17.7,8.1,18.9,images/default_image.jpg
d2,Plátano,Brand A,3.33,-5.5,2.0,30.1,19.7,images/default_image.jpg
d2,Brócoli,Brand B,1.06,-4.8,8.5,47.1,4.9,images/default_image.jpg
d2,Yogur Griego,Brand H,4.48,-4.7,7.5,40.8,6.2,images/default_image.jpg
d2,Avena,Brand H,4.56,-4.1,13.0,27.3,14.2,images/default_image.jpg
d2,Almendras,Brand D,3.31,1.7,27.6,11.4,2.7,images/default_image.jpg
d2,Plátano,Brand I,5.66,7.6,26.7,37.1,11.8,images/default_image.jpg
d2,Pechuga de Pollo,Brand C,1.92,0.7,6.3,35.8,15.6,images/default_image.jpg
d2,Almendras,Brand B,4.68,5.5,15.7,43.3,6.4,images/default_image.jpg
d2,Espinaca,Brand C,5.5,2.6,17.0,40.5,14.4,images/default_image.jpg
d2,Manzana,Brand F,4.47,0.2,21.9,44.3,15.0,images/default_image.jpg
d2,Huevos,Brand C,4.99,4.5,21.3,45.1,18.1,images/default_image.jpg
d2,Brócoli,Brand H,7.08,1.3,2.2,10.9,2.8,images/default_image.jpg
d2,Salmón,Brand G,4.17,-2.3,22.6,47.4,6.9,images/default_image.jpg
d2,Manzana,Brand A,2.7,0.8,10.7,14.8,3.2,images/default_image.jpg
d2,Espinaca,Brand C,6.42,3.4,11.6,17.5,12.1,images/default_image.jpg
d2,Huevos,Brand A,2.69,6.7,20.8,37.6,0.9,images/default_image.jpg
d2,Yogur Griego,Brand G,1.37,3.4,9.7,32.3,20.2,images/default_image.jpg
d2,Arroz,Brand F,1.99,-3.5,22.0,13.9,4.6,images/default_image.jpg
d2,Salmón,Brand B,4.79,10.6,9.6,19.9,11.3,images/default_image.jpg
d2,Arroz,Brand A,1.98,-1.0,29.8,25.9,15.2,images/default_image.jpg
d2,Manzana,Brand G,2.03,7.3,11.3,8.4,6.4,images/default_image.jpg
d2,Brócoli,Brand F,3.14,-3.4,9.7,44.9,4.0,images/default_image.jpg
d2,Brócoli,Brand A,4.34,-0.7,2.3,24.6,7.6,images/default_image.jpg
d2,Almendras,Brand H,3.18,12.4,21.4,32.6,15.4,images/default_image.jpg
d2,Brócoli,Brand H,5.41,-5.1,10.2,27.7,-0.5,images/default_image.jpg
d2,Almendras,Brand A,1.63,-0.0,9.2,20.0,15.4,images/default_image.jpg
d2,Brócoli,Brand E,5.96,8.5,23.8,14.8,15.1,images/default_image.jpg
d2,Avena,Brand D,6.48,8.4,3.6,45.7,10.5,images/default_image.jpg
d2,Salmón,Brand C,2.15,1.6,4.1,39.6,17.8,images/default_image.jpg
d2,Almendras,Brand J,0.71,7.2,16.9,22.0,15.3,images/default_image.jpg
d2,Espinaca,Brand A,0.93,-4.8,5.2,31.0,9.0,images/default_image.jpg
d2,Huevos,Brand H,5.63,-0.1,11.6,18.7,18.1,images/default_image.jpg
d2,Arroz,Brand B,1.37,3.1,17.1,24.5,12.5,images/default_image.jpg
d2,Yogur Griego,Brand E,3.26,6.1,20.7,42.1,18.4,images/default_image.jpg
d2,Pechuga de Pollo,Brand J,4.55,1.6,23.1,35.5,7.8,images/default_image.jpg
d2,Brócoli,Brand I,1.42,-5.7,21.9,45.0,7.4,images/default_image.jpg
d2,Arroz,Brand D,5.59,-4.3,19.6,24.9,9.5,images/default_image.jpg
d2,Manzana,Brand D,7.19,3.1,22.0,30.0,20.3,images/default_image.jpg
d2,Huevos,Brand B,2.67,1.0,15.1,38.2,7.4,images/default_image.jpg
d2,Salmón,Brand G,2.88,-0.5,11.7,3.4,4.4,images/default_image.jpg
d2,Arroz,Brand H,3.7,5.8,25.9,29.4,5.9,images/default_image.jpg
d2,Plátano,Brand J,0.68,-4.7,11.7,44.4,8.8,images/default_image.jpg
d2,Salmón,Brand D,3.3,-2.5,3.7,33.2,5.3,images/default_image.jpg
d2,Yogur Griego,Brand G,7.11,-2.5,12.2,36.4,10.9,images/default_image.jpg
d2,Arroz,Brand H,7.02,3.3,16.5,32.7,16.7,images/default_image.jpg
d2,Pechuga de Pollo,Brand B,4.87,4.1,24.3,21.7,19.0,images/default_image.jpg
d2,Brócoli,Brand J,5.5,-0.8,1.0,9.9,12.3,images/default_image.jpg
d2,Manzana,Brand E,4.64,-3.5,12.7,39.6,19.4,images/default_image.jpg
d2,Plátano,Brand I,2.08,-1.9,12.8,26.8,10.5,images/default_image.jpg
d2,Manzana,Brand D,4.48,6.8,3.9,28.8,1.7,images/default_image.jpg
d2,Arroz,Brand H,0.62,-5.8,16.5,50.7,4.2,images/default_image.jpg
d2,Manzana,Brand J,4.91,-1.9,11.8,21.8,4.7,images/default_image.jpg
d2,Plátano,Brand E,5.45,0.1,6.6,21.6,4.9,images/default_image.jpg
d2,Avena,Brand D,3.31,1.7,28.5,18.4,6.7,images/default_image.jpg
d2,Arroz,Brand J,1.05,7.2,6.9,26.0,10.2,images/default_image.jpg
d2,Brócoli,Brand D,6.75,-5.8,5.6,10.0,8.9,images/default_image.jpg
d2,Plátano,Brand E,0.81,-7.3,6.8,36.0,15.0,images/default_image.jpg
d2,Avena,Brand E,2.91,1.3,10.5,7.6,10.6,images/default_image.jpg
d2,Plátano,Brand I,6.58,-0.3,23.5,11.1,4.4,images/default_image.jpg
d2,Arroz,Brand A,3.77,6.9,11.7,30.5,12.2,images/default_image.jpg
d2,Avena,Brand D,4.96,2.2,2.6,5.2,16.0,images/default_image.jpg
d2,Avena,Brand J,2.11,5.2,1.9,28.6,18.3,images/default_image.jpg
d2,Huevos,Brand D,3.22,7.1,23.8,26.4,20.4,images/default_image.jpg
d2,Brócoli,Brand C,2.47,-1.5,17.7,34.7,17.5,images/default_image.jpg
d2,Plátano,Brand B,2.86,-7.0,3.7,23.7,12.7,images/default_image.jpg
d2,Avena,Brand E,5.55,-2.2,10.7,14.4,10.4,images/default_image.jpg
d2,Yogur Griego,Brand H,5.23,2.6,21.0,4.4,19.8,images/default_image.jpg
d2,Salmón,Brand H,2.38,0.5,8.0,12.9,4.9,images/default_image.jpg
d2,Plátano,Brand C,5.18,0.8,29.3,20.2,1.7,images/default_image.jpg
d2,Huevos,Brand H,0.68,6.7,19.4,31.5,14.7,images/default_image.jpg
d2,Almendras,Brand B,1.69,2.4,2.6,30.6,14.7,images/default_image.jpg
d2,Yogur Griego,Brand D,2.36,-3.1,8.1,11.6,1.0,images/default_image.jpg
d2,Huevos,Brand C,0.76,4.0,6.4,14.0,8.8,images/default_image.jpg
d2,Almendras,Brand A,0.68,0.7,9.5,45.1,14.8,images/default_image.jpg
d2,Almendras,Brand J,6.88,1.3,3.6,14.3,17.9,images/default_image.jpg
d2,Yogur Griego,Brand H,3.09,4.7,29.0,8.8,4.6,images/default_image.jpg
d2,Huevos,Brand H,2.07,5.7,18.0,32.9,6.6,images/default_image.jpg
d2,Salmón,Brand I,2.03,3.9,20.6,17.6,3.6,images/default_image.jpg
d2,Almendras,Brand G,2.84,12.1,16.4,45.4,15.6,images/default_image.jpg
d2,Huevos,Brand H,3.29,8.9,9.1,18.9,5.1,images/default_image.jpg
d2,Espinaca,Brand J,4.12,1.8,7.6,30.5,7.0,images/default_image.jpg
d2,Salmón,Brand G,5.43,12.6,28.2,34.3,4.2,images/default_image.jpg
d2,Espinaca,Brand E,5.01,-2.5,8.3,20.9,10.9,images/default_image.jpg
d2,Huevos,Brand G,2.36,-5.8,12.6,7.7,4.6,images/default_image.jpg
d2,Salmón,Brand F,6.6,8.1,10.9,35.4,10.3,images/default_image.jpg
d2,Avena,Brand A,3.82,1.0,12.9,33.5,5.1,images/default_image.jpg
d2,Avena,Brand I,7.01,6.1,16.2,43.4,15.2,images/default_image.jpg
d2,Avena,Brand G,0.71,5.5,21.5,34.0,1.3,images/default_image.jpg
d2,Salmón,Brand G,5.72,6.7,5.4,43.4,0.7,images/default_image.jpg
d2,Plátano,Brand B,1.39,-7.3,6.1,30.6,7.3,images/default_image.jpg
d2,Manzana,Brand H,5.29,-3.7,8.4,36.6,2.7,images/default_image.jpg
d2,Yogur Griego,Brand H,2.6,-1.1,28.5,31.6,3.5,images/default_image.jpg
d2,Brócoli,Brand A,2.39,2.2,6.6,30.9,15.5,images/default_image.jpg
d2,Yogur Griego,Brand I,2.86,-6.3,5.9,13.5,3.5,images/default_image.jpg
d2,Espinaca,Brand G,5.0,-3.2,19.2,44.5,0.3,images/default_image.jpg
d2,Espinaca,Brand C,6.41,8.6,20.8,22.0,9.1,images/default_image.jpg
d2,Huevos,Brand H,6.01,5.6,27.7,32.7,19.2,images/default_image.jpg
d2,Plátano,Brand J,3.16,-3.4,26.4,37.3,8.0,images/default_image.jpg
d2,Pechuga de Pollo,Brand I,4.89,-0.4,15.6,36.7,14.3,images/default_image.jpg
d2,Brócoli,Brand C,1.85,1.1,23.9,49.8,7.5,images/default_image.jpg
d2,Plátano,Brand F,1.46,4.5,11.0,26.4,12.6,images/default_image.jpg
d2,Salmón,Brand I,5.83,1.4,19.5,30.7,6.9,images/default_image.jpg
d2,Brócoli,Brand J,0.25,9.2,7.8,23.2,4.3,images/default_image.jpg
d2,Huevos,Brand D,2.25,-6.3,17.3,15.2,8.5,images/default_image.jpg
d2,Arroz,Brand A,6.48,2.0,8.3,2.4,4.4,images/default_image.jpg
d2,Espinaca,Brand A,2.38,-6.6,28.3,17.0,8.6,images/default_image.jpg
d2,Arroz,Brand E,3.23,1.2,17.9,13.2,0.7,images/default_image.jpg
d2,Arroz,Brand I,2.43,0.4,9.3,50.2,8.5,images/default_image.jpg
d2,Plátano,Brand G,2.67,6.3,8.9,40.5,18.3,images/default_image.jpg
d2,Yogur Griego,Brand H,5.21,4.4,15.4,38.3,8.5,images/default_image.jpg
d2,Yogur Griego,Brand D,4.02,1.1,0.8,39.4,5.1,images/default_image.jpg
d2,Manzana,Brand G,6.33,-5.2,30.7,16.2,11.8,images/default_image.jpg
d2,Manzana,Brand B,5.56,7.6,12.6,15.3,1.3,images/default_image.jpg
d2,Almendras,Brand D,4.6,1.3,12.8,45.0,1.2,images/default_image.jpg
d2,Espinaca,Brand C,2.57,7.4,30.3,33.0,4.2,images/default_image.jpg
d2,Arroz,Brand A,4.33,-3.0,18.6,12.7,2.1,images/default_image.jpg
d2,Brócoli,Brand I,1.9,6.9,8.5,16.1,7.4,images/default_image.jpg
d2,Yogur Griego,Brand C,6.26,-1.2,20.2,12.4,9.6,images/default_image.jpg
d2,Almendras,Brand I,1.49,11.3,12.7,18.6,14.7,images/default_image.jpg
d2,Avena,Brand E,1.55,-1.2,4.2,36.7,1.3,images/default_image.jpg
